<powerpagecomponent powerpagecomponentid="900ff2a8-e45f-4db0-8be8-9b0ab86c6894">
  <content>{"disablepagevalidation":false,"displayimageonly":false,"displayorder":1,"displaypagechildlinks":false,"openinnewwindow":false,"pageid":"ea3fef6d-98c3-416d-8c35-cdd23488011d","publishingstateid":"8fde6bcb-e262-4220-abad-cae59a5b1be3","robotsfollowlink":true,"weblinksetid":"45fd0e92-fcb5-4f24-b44f-08f22ca76c80"}</content>
  <iscustomizable>1</iscustomizable>
  <name>Home</name>
  <powerpagecomponenttype>5</powerpagecomponenttype>
  <powerpagesiteid>
    <powerpagesiteid>8e775667-1468-44d6-9383-4088b0cbc5d7</powerpagesiteid>
  </powerpagesiteid>
  <statecode>0</statecode>
  <statuscode>1</statuscode>
</powerpagecomponent>