<ImportExportXml xmlns:xsi="http://www.w3.org/2001/XMLSchema-instance" OrganizationVersion="9.2.24112.220" OrganizationSchemaType="Standard" CRMServerServiceabilityVersion="9.2.24112.00220">
  <Entities></Entities>
  <Roles></Roles>
  <Workflows>
    <Workflow WorkflowId="{2e4dc683-024a-ef11-a316-000d3a33b902}" Name="Upsert card backs">
      <JsonFileName>/Workflows/Upsertcardbacks-2E4DC683-024A-EF11-A316-000D3A33B902.json</JsonFileName>
      <Type>1</Type>
      <Subprocess>0</Subprocess>
      <Category>5</Category>
      <Mode>0</Mode>
      <Scope>4</Scope>
      <OnDemand>0</OnDemand>
      <TriggerOnCreate>0</TriggerOnCreate>
      <TriggerOnDelete>0</TriggerOnDelete>
      <AsyncAutodelete>0</AsyncAutodelete>
      <SyncWorkflowLogOnFailure>0</SyncWorkflowLogOnFailure>
      <StateCode>1</StateCode>
      <StatusCode>2</StatusCode>
      <RunAs>1</RunAs>
      <IsTransacted>1</IsTransacted>
      <IntroducedVersion>1.0.0.4</IntroducedVersion>
      <IsCustomizable>1</IsCustomizable>
      <IsCustomProcessingStepAllowedForOtherPublishers>1</IsCustomProcessingStepAllowedForOtherPublishers>
      <PrimaryEntity>none</PrimaryEntity>
      <LocalizedNames>
        <LocalizedName languagecode="1033" description="Upsert card backs" />
      </LocalizedNames>
    </Workflow>
    <Workflow WorkflowId="{24c143d0-3996-ef11-8a6a-000d3a340320}" Name="Trail import">
      <JsonFileName>/Workflows/Trailimport-24C143D0-3996-EF11-8A6A-000D3A340320.json</JsonFileName>
      <Type>1</Type>
      <Subprocess>0</Subprocess>
      <Category>5</Category>
      <Mode>0</Mode>
      <Scope>4</Scope>
      <OnDemand>0</OnDemand>
      <TriggerOnCreate>0</TriggerOnCreate>
      <TriggerOnDelete>0</TriggerOnDelete>
      <AsyncAutodelete>0</AsyncAutodelete>
      <SyncWorkflowLogOnFailure>0</SyncWorkflowLogOnFailure>
      <StateCode>0</StateCode>
      <StatusCode>1</StatusCode>
      <RunAs>1</RunAs>
      <IsTransacted>1</IsTransacted>
      <IntroducedVersion>1.0.0.0</IntroducedVersion>
      <IsCustomizable>1</IsCustomizable>
      <IsCustomProcessingStepAllowedForOtherPublishers>1</IsCustomProcessingStepAllowedForOtherPublishers>
      <PrimaryEntity>none</PrimaryEntity>
      <LocalizedNames>
        <LocalizedName languagecode="1033" description="Trail import" />
      </LocalizedNames>
    </Workflow>
    <Workflow WorkflowId="{3be83629-b967-ef11-bfe2-000d3a5ca663}" Name="mzt Generate URL and key for a Trip">
      <JsonFileName>/Workflows/mztGenerateURLandkeyforaTrip-3BE83629-B967-EF11-BFE2-000D3A5CA663.json</JsonFileName>
      <Type>1</Type>
      <Subprocess>0</Subprocess>
      <Category>5</Category>
      <Mode>0</Mode>
      <Scope>4</Scope>
      <OnDemand>0</OnDemand>
      <TriggerOnCreate>0</TriggerOnCreate>
      <TriggerOnDelete>0</TriggerOnDelete>
      <AsyncAutodelete>0</AsyncAutodelete>
      <SyncWorkflowLogOnFailure>0</SyncWorkflowLogOnFailure>
      <StateCode>1</StateCode>
      <StatusCode>2</StatusCode>
      <RunAs>1</RunAs>
      <IsTransacted>1</IsTransacted>
      <IntroducedVersion>1.0.0.0</IntroducedVersion>
      <IsCustomizable>1</IsCustomizable>
      <IsCustomProcessingStepAllowedForOtherPublishers>1</IsCustomProcessingStepAllowedForOtherPublishers>
      <PrimaryEntity>none</PrimaryEntity>
      <LocalizedNames>
        <LocalizedName languagecode="1033" description="mzt Generate URL and key for a Trip" />
      </LocalizedNames>
    </Workflow>
    <Workflow WorkflowId="{07a86f0b-0b67-ef11-bfe2-000d3a5ca663}" Name="Slap on new QR Codes">
      <JsonFileName>/Workflows/SlaponnewQRCodes-07A86F0B-0B67-EF11-BFE2-000D3A5CA663.json</JsonFileName>
      <Type>1</Type>
      <Subprocess>0</Subprocess>
      <Category>5</Category>
      <Mode>0</Mode>
      <Scope>4</Scope>
      <OnDemand>0</OnDemand>
      <TriggerOnCreate>0</TriggerOnCreate>
      <TriggerOnDelete>0</TriggerOnDelete>
      <AsyncAutodelete>0</AsyncAutodelete>
      <SyncWorkflowLogOnFailure>0</SyncWorkflowLogOnFailure>
      <StateCode>1</StateCode>
      <StatusCode>2</StatusCode>
      <RunAs>1</RunAs>
      <IsTransacted>1</IsTransacted>
      <IntroducedVersion>1.0.0.0</IntroducedVersion>
      <IsCustomizable>1</IsCustomizable>
      <IsCustomProcessingStepAllowedForOtherPublishers>1</IsCustomProcessingStepAllowedForOtherPublishers>
      <PrimaryEntity>none</PrimaryEntity>
      <LocalizedNames>
        <LocalizedName languagecode="1033" description="Slap on new QR Codes" />
      </LocalizedNames>
    </Workflow>
    <Workflow WorkflowId="{485bb4b7-395b-ef11-bfe2-000d3a5a233e}" Name="Create a sheet of Trips for MztapeCard">
      <JsonFileName>/Workflows/CreateasheetofTripsforMztapeCard-485BB4B7-395B-EF11-BFE2-000D3A5A233E.json</JsonFileName>
      <Type>1</Type>
      <Subprocess>0</Subprocess>
      <Category>5</Category>
      <Mode>0</Mode>
      <Scope>4</Scope>
      <OnDemand>0</OnDemand>
      <TriggerOnCreate>0</TriggerOnCreate>
      <TriggerOnDelete>0</TriggerOnDelete>
      <AsyncAutodelete>0</AsyncAutodelete>
      <SyncWorkflowLogOnFailure>0</SyncWorkflowLogOnFailure>
      <StateCode>1</StateCode>
      <StatusCode>2</StatusCode>
      <RunAs>1</RunAs>
      <IsTransacted>1</IsTransacted>
      <IntroducedVersion>1.0.0.0</IntroducedVersion>
      <IsCustomizable>1</IsCustomizable>
      <IsCustomProcessingStepAllowedForOtherPublishers>1</IsCustomProcessingStepAllowedForOtherPublishers>
      <PrimaryEntity>none</PrimaryEntity>
      <LocalizedNames>
        <LocalizedName languagecode="1033" description="Create a sheet of Trips for MztapeCard" />
      </LocalizedNames>
    </Workflow>
    <Workflow WorkflowId="{457d0ebc-535b-ef11-bfe2-000d3a5a233e}" Name="Generate Trips from Card Assignments">
      <JsonFileName>/Workflows/GenerateTripsfromCardAssignments-457D0EBC-535B-EF11-BFE2-000D3A5A233E.json</JsonFileName>
      <Type>1</Type>
      <Subprocess>0</Subprocess>
      <Category>5</Category>
      <Mode>0</Mode>
      <Scope>4</Scope>
      <OnDemand>0</OnDemand>
      <TriggerOnCreate>0</TriggerOnCreate>
      <TriggerOnDelete>0</TriggerOnDelete>
      <AsyncAutodelete>0</AsyncAutodelete>
      <SyncWorkflowLogOnFailure>0</SyncWorkflowLogOnFailure>
      <StateCode>1</StateCode>
      <StatusCode>2</StatusCode>
      <RunAs>1</RunAs>
      <IsTransacted>1</IsTransacted>
      <IntroducedVersion>1.0.0.0</IntroducedVersion>
      <IsCustomizable>1</IsCustomizable>
      <IsCustomProcessingStepAllowedForOtherPublishers>1</IsCustomProcessingStepAllowedForOtherPublishers>
      <PrimaryEntity>none</PrimaryEntity>
      <LocalizedNames>
        <LocalizedName languagecode="1033" description="Generate Trips from Card Assignments" />
      </LocalizedNames>
    </Workflow>
    <Workflow WorkflowId="{e08349bd-be9b-ef11-8a6a-000d3a340320}" Name="Generate Trips via URL">
      <JsonFileName>/Workflows/GenerateTripsviaURL-E08349BD-BE9B-EF11-8A6A-000D3A340320.json</JsonFileName>
      <Type>1</Type>
      <Subprocess>0</Subprocess>
      <Category>5</Category>
      <Mode>0</Mode>
      <Scope>4</Scope>
      <OnDemand>0</OnDemand>
      <TriggerOnCreate>0</TriggerOnCreate>
      <TriggerOnDelete>0</TriggerOnDelete>
      <AsyncAutodelete>0</AsyncAutodelete>
      <SyncWorkflowLogOnFailure>0</SyncWorkflowLogOnFailure>
      <StateCode>0</StateCode>
      <StatusCode>1</StatusCode>
      <RunAs>1</RunAs>
      <IsTransacted>1</IsTransacted>
      <IntroducedVersion>1.0.0.5</IntroducedVersion>
      <IsCustomizable>1</IsCustomizable>
      <IsCustomProcessingStepAllowedForOtherPublishers>1</IsCustomProcessingStepAllowedForOtherPublishers>
      <PrimaryEntity>none</PrimaryEntity>
      <LocalizedNames>
        <LocalizedName languagecode="1033" description="Generate Trips via URL" />
      </LocalizedNames>
    </Workflow>
    <Workflow WorkflowId="{06fd1b50-695b-ef11-bfe2-000d3a5a233e}" Name="Slap on new QR Codes for a given Card">
      <JsonFileName>/Workflows/SlaponnewQRCodesforagivenCard-06FD1B50-695B-EF11-BFE2-000D3A5A233E.json</JsonFileName>
      <Type>1</Type>
      <Subprocess>0</Subprocess>
      <Category>5</Category>
      <Mode>0</Mode>
      <Scope>4</Scope>
      <OnDemand>0</OnDemand>
      <TriggerOnCreate>0</TriggerOnCreate>
      <TriggerOnDelete>0</TriggerOnDelete>
      <AsyncAutodelete>0</AsyncAutodelete>
      <SyncWorkflowLogOnFailure>0</SyncWorkflowLogOnFailure>
      <StateCode>1</StateCode>
      <StatusCode>2</StatusCode>
      <RunAs>1</RunAs>
      <IsTransacted>1</IsTransacted>
      <IntroducedVersion>1.0.0.0</IntroducedVersion>
      <IsCustomizable>1</IsCustomizable>
      <IsCustomProcessingStepAllowedForOtherPublishers>1</IsCustomProcessingStepAllowedForOtherPublishers>
      <PrimaryEntity>none</PrimaryEntity>
      <LocalizedNames>
        <LocalizedName languagecode="1033" description="Slap on new QR Codes for a given Card" />
      </LocalizedNames>
    </Workflow>
    <Workflow WorkflowId="{f16074fd-265f-ef11-bfe3-000d3a5a233e}" Name="Import card-level URLs by Sequence for a Deck ">
      <JsonFileName>/Workflows/Importcard-levelURLsbySequenceforaDeck-F16074FD-265F-EF11-BFE3-000D3A5A233E.json</JsonFileName>
      <Type>1</Type>
      <Subprocess>0</Subprocess>
      <Category>5</Category>
      <Mode>0</Mode>
      <Scope>4</Scope>
      <OnDemand>0</OnDemand>
      <TriggerOnCreate>0</TriggerOnCreate>
      <TriggerOnDelete>0</TriggerOnDelete>
      <AsyncAutodelete>0</AsyncAutodelete>
      <SyncWorkflowLogOnFailure>0</SyncWorkflowLogOnFailure>
      <StateCode>0</StateCode>
      <StatusCode>1</StatusCode>
      <RunAs>1</RunAs>
      <IsTransacted>1</IsTransacted>
      <IntroducedVersion>1.0.0.4</IntroducedVersion>
      <IsCustomizable>1</IsCustomizable>
      <IsCustomProcessingStepAllowedForOtherPublishers>1</IsCustomProcessingStepAllowedForOtherPublishers>
      <PrimaryEntity>none</PrimaryEntity>
      <LocalizedNames>
        <LocalizedName languagecode="1033" description="Import card-level URLs by Sequence for a Deck " />
      </LocalizedNames>
    </Workflow>
    <Workflow WorkflowId="{ae2b3b13-385f-ef11-bfe3-000d3a5a233e}" Name="Generate a Deck of Cards with Fixed QR Codes">
      <JsonFileName>/Workflows/GenerateaDeckofCardswithFixedQRCodes-AE2B3B13-385F-EF11-BFE3-000D3A5A233E.json</JsonFileName>
      <Type>1</Type>
      <Subprocess>0</Subprocess>
      <Category>5</Category>
      <Mode>0</Mode>
      <Scope>4</Scope>
      <OnDemand>0</OnDemand>
      <TriggerOnCreate>0</TriggerOnCreate>
      <TriggerOnDelete>0</TriggerOnDelete>
      <AsyncAutodelete>0</AsyncAutodelete>
      <SyncWorkflowLogOnFailure>0</SyncWorkflowLogOnFailure>
      <StateCode>0</StateCode>
      <StatusCode>1</StatusCode>
      <RunAs>1</RunAs>
      <IsTransacted>1</IsTransacted>
      <IntroducedVersion>1.0.0.0</IntroducedVersion>
      <IsCustomizable>1</IsCustomizable>
      <IsCustomProcessingStepAllowedForOtherPublishers>1</IsCustomProcessingStepAllowedForOtherPublishers>
      <PrimaryEntity>none</PrimaryEntity>
      <LocalizedNames>
        <LocalizedName languagecode="1033" description="Generate a Deck of Cards with Fixed QR Codes" />
      </LocalizedNames>
    </Workflow>
    <Workflow WorkflowId="{6eaa10f5-0b3e-ef11-8409-0022480a7409}" Name="Save blob sheet as local file">
      <JsonFileName>/Workflows/Saveblobsheetaslocalfile-6EAA10F5-0B3E-EF11-8409-0022480A7409.json</JsonFileName>
      <Type>1</Type>
      <Subprocess>0</Subprocess>
      <Category>5</Category>
      <Mode>0</Mode>
      <Scope>4</Scope>
      <OnDemand>0</OnDemand>
      <TriggerOnCreate>0</TriggerOnCreate>
      <TriggerOnDelete>0</TriggerOnDelete>
      <AsyncAutodelete>0</AsyncAutodelete>
      <SyncWorkflowLogOnFailure>0</SyncWorkflowLogOnFailure>
      <StateCode>1</StateCode>
      <StatusCode>2</StatusCode>
      <RunAs>1</RunAs>
      <IsTransacted>1</IsTransacted>
      <IntroducedVersion>1.0.0.4</IntroducedVersion>
      <IsCustomizable>1</IsCustomizable>
      <IsCustomProcessingStepAllowedForOtherPublishers>1</IsCustomProcessingStepAllowedForOtherPublishers>
      <PrimaryEntity>none</PrimaryEntity>
      <LocalizedNames>
        <LocalizedName languagecode="1033" description="Save blob sheet as local file" />
      </LocalizedNames>
    </Workflow>
    <Workflow WorkflowId="{5bbc8a4f-4c5f-ef11-bfe3-000d3a5a233e}" Name="Generate HTML sheet 1-up">
      <JsonFileName>/Workflows/GenerateHTMLsheet1-up-5BBC8A4F-4C5F-EF11-BFE3-000D3A5A233E.json</JsonFileName>
      <Type>1</Type>
      <Subprocess>0</Subprocess>
      <Category>5</Category>
      <Mode>0</Mode>
      <Scope>4</Scope>
      <OnDemand>0</OnDemand>
      <TriggerOnCreate>0</TriggerOnCreate>
      <TriggerOnDelete>0</TriggerOnDelete>
      <AsyncAutodelete>0</AsyncAutodelete>
      <SyncWorkflowLogOnFailure>0</SyncWorkflowLogOnFailure>
      <StateCode>0</StateCode>
      <StatusCode>1</StatusCode>
      <RunAs>1</RunAs>
      <IsTransacted>1</IsTransacted>
      <IntroducedVersion>1.0.0.4</IntroducedVersion>
      <IsCustomizable>1</IsCustomizable>
      <IsCustomProcessingStepAllowedForOtherPublishers>1</IsCustomProcessingStepAllowedForOtherPublishers>
      <PrimaryEntity>none</PrimaryEntity>
      <LocalizedNames>
        <LocalizedName languagecode="1033" description="Generate HTML sheet 1-up" />
      </LocalizedNames>
    </Workflow>
    <Workflow WorkflowId="{0b40cd8a-696a-ef11-a670-000d3a5ca663}" Name="Copy of - Generate Trips from Card Assignments">
      <JsonFileName>/Workflows/Copyof-GenerateTripsfromCardAssignments-0B40CD8A-696A-EF11-A670-000D3A5CA663.json</JsonFileName>
      <Type>1</Type>
      <Subprocess>0</Subprocess>
      <Category>5</Category>
      <Mode>0</Mode>
      <Scope>4</Scope>
      <OnDemand>0</OnDemand>
      <TriggerOnCreate>0</TriggerOnCreate>
      <TriggerOnDelete>0</TriggerOnDelete>
      <AsyncAutodelete>0</AsyncAutodelete>
      <SyncWorkflowLogOnFailure>0</SyncWorkflowLogOnFailure>
      <StateCode>0</StateCode>
      <StatusCode>1</StatusCode>
      <RunAs>1</RunAs>
      <IsTransacted>1</IsTransacted>
      <IntroducedVersion>1.0.0.0</IntroducedVersion>
      <IsCustomizable>1</IsCustomizable>
      <IsCustomProcessingStepAllowedForOtherPublishers>1</IsCustomProcessingStepAllowedForOtherPublishers>
      <PrimaryEntity>none</PrimaryEntity>
      <LocalizedNames>
        <LocalizedName languagecode="1033" description="Copy of - Generate Trips from Card Assignments" />
      </LocalizedNames>
    </Workflow>
    <Workflow WorkflowId="{5ce15dbe-546d-ef11-a670-000d3a5ca663}" Name="Slap on new QR Codes for Animal Card">
      <JsonFileName>/Workflows/SlaponnewQRCodesforAnimalCard-5CE15DBE-546D-EF11-A670-000D3A5CA663.json</JsonFileName>
      <Type>1</Type>
      <Subprocess>0</Subprocess>
      <Category>5</Category>
      <Mode>0</Mode>
      <Scope>4</Scope>
      <OnDemand>0</OnDemand>
      <TriggerOnCreate>0</TriggerOnCreate>
      <TriggerOnDelete>0</TriggerOnDelete>
      <AsyncAutodelete>0</AsyncAutodelete>
      <SyncWorkflowLogOnFailure>0</SyncWorkflowLogOnFailure>
      <StateCode>0</StateCode>
      <StatusCode>1</StatusCode>
      <RunAs>1</RunAs>
      <IsTransacted>1</IsTransacted>
      <IntroducedVersion>1.0.0.0</IntroducedVersion>
      <IsCustomizable>1</IsCustomizable>
      <IsCustomProcessingStepAllowedForOtherPublishers>1</IsCustomProcessingStepAllowedForOtherPublishers>
      <PrimaryEntity>none</PrimaryEntity>
      <LocalizedNames>
        <LocalizedName languagecode="1033" description="Slap on new QR Codes for Animal Card" />
      </LocalizedNames>
    </Workflow>
    <Workflow WorkflowId="{1f99fbd3-2773-ef11-a670-000d3a5ca663}" Name="Create a single Trip for MztapeCard">
      <JsonFileName>/Workflows/CreateasingleTripforMztapeCard-1F99FBD3-2773-EF11-A670-000D3A5CA663.json</JsonFileName>
      <Type>1</Type>
      <Subprocess>0</Subprocess>
      <Category>5</Category>
      <Mode>0</Mode>
      <Scope>4</Scope>
      <OnDemand>0</OnDemand>
      <TriggerOnCreate>0</TriggerOnCreate>
      <TriggerOnDelete>0</TriggerOnDelete>
      <AsyncAutodelete>0</AsyncAutodelete>
      <SyncWorkflowLogOnFailure>0</SyncWorkflowLogOnFailure>
      <StateCode>0</StateCode>
      <StatusCode>1</StatusCode>
      <RunAs>1</RunAs>
      <IsTransacted>1</IsTransacted>
      <IntroducedVersion>1.0.0.0</IntroducedVersion>
      <IsCustomizable>1</IsCustomizable>
      <IsCustomProcessingStepAllowedForOtherPublishers>1</IsCustomProcessingStepAllowedForOtherPublishers>
      <PrimaryEntity>none</PrimaryEntity>
      <LocalizedNames>
        <LocalizedName languagecode="1033" description="Create a single Trip for MztapeCard" />
      </LocalizedNames>
    </Workflow>
    <Workflow WorkflowId="{0800a1cb-eb73-ef11-a670-000d3a5ca663}" Name="Get your frog">
      <JsonFileName>/Workflows/Getyourfrog-0800A1CB-EB73-EF11-A670-000D3A5CA663.json</JsonFileName>
      <Type>1</Type>
      <Subprocess>0</Subprocess>
      <Category>5</Category>
      <Mode>0</Mode>
      <Scope>4</Scope>
      <OnDemand>0</OnDemand>
      <TriggerOnCreate>0</TriggerOnCreate>
      <TriggerOnDelete>0</TriggerOnDelete>
      <AsyncAutodelete>0</AsyncAutodelete>
      <SyncWorkflowLogOnFailure>0</SyncWorkflowLogOnFailure>
      <StateCode>0</StateCode>
      <StatusCode>1</StatusCode>
      <RunAs>1</RunAs>
      <IsTransacted>1</IsTransacted>
      <IntroducedVersion>1.0.0.0</IntroducedVersion>
      <IsCustomizable>1</IsCustomizable>
      <IsCustomProcessingStepAllowedForOtherPublishers>1</IsCustomProcessingStepAllowedForOtherPublishers>
      <PrimaryEntity>none</PrimaryEntity>
      <LocalizedNames>
        <LocalizedName languagecode="1033" description="Get your frog" />
      </LocalizedNames>
    </Workflow>
    <Workflow WorkflowId="{3b59f799-5274-ef11-a670-000d3a5ca663}" Name="Process an Animal Card Page">
      <JsonFileName>/Workflows/ProcessanAnimalCardPage-3B59F799-5274-EF11-A670-000D3A5CA663.json</JsonFileName>
      <Type>1</Type>
      <Subprocess>0</Subprocess>
      <Category>5</Category>
      <Mode>0</Mode>
      <Scope>4</Scope>
      <OnDemand>0</OnDemand>
      <TriggerOnCreate>0</TriggerOnCreate>
      <TriggerOnDelete>0</TriggerOnDelete>
      <AsyncAutodelete>0</AsyncAutodelete>
      <SyncWorkflowLogOnFailure>0</SyncWorkflowLogOnFailure>
      <StateCode>0</StateCode>
      <StatusCode>1</StatusCode>
      <RunAs>1</RunAs>
      <IsTransacted>1</IsTransacted>
      <IntroducedVersion>1.0.0.0</IntroducedVersion>
      <IsCustomizable>1</IsCustomizable>
      <IsCustomProcessingStepAllowedForOtherPublishers>1</IsCustomProcessingStepAllowedForOtherPublishers>
      <PrimaryEntity>none</PrimaryEntity>
      <LocalizedNames>
        <LocalizedName languagecode="1033" description="Process an Animal Card Page" />
      </LocalizedNames>
    </Workflow>
    <Workflow WorkflowId="{725e79c9-7365-ef11-bfe2-000d3a5ca663}" Name="mzt_GetBlob">
      <JsonFileName>/Workflows/mzt_GetBlob-725E79C9-7365-EF11-BFE2-000D3A5CA663.json</JsonFileName>
      <Type>1</Type>
      <Subprocess>0</Subprocess>
      <Category>5</Category>
      <Mode>0</Mode>
      <Scope>4</Scope>
      <OnDemand>0</OnDemand>
      <TriggerOnCreate>0</TriggerOnCreate>
      <TriggerOnDelete>0</TriggerOnDelete>
      <AsyncAutodelete>0</AsyncAutodelete>
      <SyncWorkflowLogOnFailure>0</SyncWorkflowLogOnFailure>
      <StateCode>0</StateCode>
      <StatusCode>1</StatusCode>
      <RunAs>1</RunAs>
      <IsTransacted>1</IsTransacted>
      <IntroducedVersion>1.0.0.0</IntroducedVersion>
      <IsCustomizable>1</IsCustomizable>
      <IsCustomProcessingStepAllowedForOtherPublishers>1</IsCustomProcessingStepAllowedForOtherPublishers>
      <PrimaryEntity>none</PrimaryEntity>
      <LocalizedNames>
        <LocalizedName languagecode="1033" description="mzt_GetBlob" />
      </LocalizedNames>
    </Workflow>
    <Workflow WorkflowId="{735e79c9-7365-ef11-bfe2-000d3a5ca663}" Name="mzt_http_UploadImageAsBlob">
      <JsonFileName>/Workflows/mzt_http_UploadImageAsBlob-735E79C9-7365-EF11-BFE2-000D3A5CA663.json</JsonFileName>
      <Type>1</Type>
      <Subprocess>0</Subprocess>
      <Category>5</Category>
      <Mode>0</Mode>
      <Scope>4</Scope>
      <OnDemand>0</OnDemand>
      <TriggerOnCreate>0</TriggerOnCreate>
      <TriggerOnDelete>0</TriggerOnDelete>
      <AsyncAutodelete>0</AsyncAutodelete>
      <SyncWorkflowLogOnFailure>0</SyncWorkflowLogOnFailure>
      <StateCode>0</StateCode>
      <StatusCode>1</StatusCode>
      <RunAs>1</RunAs>
      <IsTransacted>1</IsTransacted>
      <IntroducedVersion>1.0.0.0</IntroducedVersion>
      <IsCustomizable>1</IsCustomizable>
      <IsCustomProcessingStepAllowedForOtherPublishers>1</IsCustomProcessingStepAllowedForOtherPublishers>
      <PrimaryEntity>none</PrimaryEntity>
      <LocalizedNames>
        <LocalizedName languagecode="1033" description="mzt_http_UploadImageAsBlob" />
      </LocalizedNames>
    </Workflow>
    <Workflow WorkflowId="{745e79c9-7365-ef11-bfe2-000d3a5ca663}" Name="mzt_UploadImageAsBlob">
      <JsonFileName>/Workflows/mzt_UploadImageAsBlob-745E79C9-7365-EF11-BFE2-000D3A5CA663.json</JsonFileName>
      <Type>1</Type>
      <Subprocess>0</Subprocess>
      <Category>5</Category>
      <Mode>0</Mode>
      <Scope>4</Scope>
      <OnDemand>0</OnDemand>
      <TriggerOnCreate>0</TriggerOnCreate>
      <TriggerOnDelete>0</TriggerOnDelete>
      <AsyncAutodelete>0</AsyncAutodelete>
      <SyncWorkflowLogOnFailure>0</SyncWorkflowLogOnFailure>
      <StateCode>0</StateCode>
      <StatusCode>1</StatusCode>
      <RunAs>1</RunAs>
      <IsTransacted>1</IsTransacted>
      <IntroducedVersion>1.0.0.0</IntroducedVersion>
      <IsCustomizable>1</IsCustomizable>
      <IsCustomProcessingStepAllowedForOtherPublishers>1</IsCustomProcessingStepAllowedForOtherPublishers>
      <PrimaryEntity>none</PrimaryEntity>
      <LocalizedNames>
        <LocalizedName languagecode="1033" description="mzt_UploadImageAsBlob" />
      </LocalizedNames>
    </Workflow>
    <Workflow WorkflowId="{327053f7-7465-ef11-bfe2-000d3a5ca663}" Name="mzt Detect QR Code on Blob image">
      <JsonFileName>/Workflows/mztDetectQRCodeonBlobimage-327053F7-7465-EF11-BFE2-000D3A5CA663.json</JsonFileName>
      <Type>1</Type>
      <Subprocess>0</Subprocess>
      <Category>5</Category>
      <Mode>0</Mode>
      <Scope>4</Scope>
      <OnDemand>0</OnDemand>
      <TriggerOnCreate>0</TriggerOnCreate>
      <TriggerOnDelete>0</TriggerOnDelete>
      <AsyncAutodelete>0</AsyncAutodelete>
      <SyncWorkflowLogOnFailure>0</SyncWorkflowLogOnFailure>
      <StateCode>0</StateCode>
      <StatusCode>1</StatusCode>
      <RunAs>1</RunAs>
      <IsTransacted>1</IsTransacted>
      <IntroducedVersion>1.0.0.0</IntroducedVersion>
      <IsCustomizable>1</IsCustomizable>
      <IsCustomProcessingStepAllowedForOtherPublishers>1</IsCustomProcessingStepAllowedForOtherPublishers>
      <PrimaryEntity>none</PrimaryEntity>
      <LocalizedNames>
        <LocalizedName languagecode="1033" description="mzt Detect QR Code on Blob image" />
      </LocalizedNames>
    </Workflow>
    <Workflow WorkflowId="{b93ae6de-3466-ef11-bfe2-000d3a5ca663}" Name="mzt QR Code Generator">
      <JsonFileName>/Workflows/mztQRCodeGenerator-B93AE6DE-3466-EF11-BFE2-000D3A5CA663.json</JsonFileName>
      <Type>1</Type>
      <Subprocess>0</Subprocess>
      <Category>5</Category>
      <Mode>0</Mode>
      <Scope>4</Scope>
      <OnDemand>0</OnDemand>
      <TriggerOnCreate>0</TriggerOnCreate>
      <TriggerOnDelete>0</TriggerOnDelete>
      <AsyncAutodelete>0</AsyncAutodelete>
      <SyncWorkflowLogOnFailure>0</SyncWorkflowLogOnFailure>
      <StateCode>1</StateCode>
      <StatusCode>2</StatusCode>
      <RunAs>1</RunAs>
      <IsTransacted>1</IsTransacted>
      <IntroducedVersion>1.0.0.0</IntroducedVersion>
      <IsCustomizable>1</IsCustomizable>
      <IsCustomProcessingStepAllowedForOtherPublishers>1</IsCustomProcessingStepAllowedForOtherPublishers>
      <PrimaryEntity>none</PrimaryEntity>
      <LocalizedNames>
        <LocalizedName languagecode="1033" description="mzt QR Code Generator" />
      </LocalizedNames>
    </Workflow>
    <Workflow WorkflowId="{ba3ae6de-3466-ef11-bfe2-000d3a5ca663}" Name="mzt QR Code Overlay">
      <JsonFileName>/Workflows/mztQRCodeOverlay-BA3AE6DE-3466-EF11-BFE2-000D3A5CA663.json</JsonFileName>
      <Type>1</Type>
      <Subprocess>0</Subprocess>
      <Category>5</Category>
      <Mode>0</Mode>
      <Scope>4</Scope>
      <OnDemand>0</OnDemand>
      <TriggerOnCreate>0</TriggerOnCreate>
      <TriggerOnDelete>0</TriggerOnDelete>
      <AsyncAutodelete>0</AsyncAutodelete>
      <SyncWorkflowLogOnFailure>0</SyncWorkflowLogOnFailure>
      <StateCode>1</StateCode>
      <StatusCode>2</StatusCode>
      <RunAs>1</RunAs>
      <IsTransacted>1</IsTransacted>
      <IntroducedVersion>1.0.0.0</IntroducedVersion>
      <IsCustomizable>1</IsCustomizable>
      <IsCustomProcessingStepAllowedForOtherPublishers>1</IsCustomProcessingStepAllowedForOtherPublishers>
      <PrimaryEntity>none</PrimaryEntity>
      <LocalizedNames>
        <LocalizedName languagecode="1033" description="mzt QR Code Overlay" />
      </LocalizedNames>
    </Workflow>
    <Workflow WorkflowId="{e7e74d90-ea12-ef11-9f89-000d3a5ce87e}" Name="Generate QR Code for a Trip">
      <JsonFileName>/Workflows/GenerateQRCodeforaTrip-E7E74D90-EA12-EF11-9F89-000D3A5CE87E.json</JsonFileName>
      <Type>1</Type>
      <Subprocess>0</Subprocess>
      <Category>5</Category>
      <Mode>0</Mode>
      <Scope>4</Scope>
      <OnDemand>0</OnDemand>
      <TriggerOnCreate>0</TriggerOnCreate>
      <TriggerOnDelete>0</TriggerOnDelete>
      <AsyncAutodelete>0</AsyncAutodelete>
      <SyncWorkflowLogOnFailure>0</SyncWorkflowLogOnFailure>
      <StateCode>1</StateCode>
      <StatusCode>2</StatusCode>
      <RunAs>1</RunAs>
      <IsTransacted>1</IsTransacted>
      <IntroducedVersion>1.0.0.4</IntroducedVersion>
      <IsCustomizable>1</IsCustomizable>
      <IsCustomProcessingStepAllowedForOtherPublishers>1</IsCustomProcessingStepAllowedForOtherPublishers>
      <PrimaryEntity>none</PrimaryEntity>
      <LocalizedNames>
        <LocalizedName languagecode="1033" description="Generate QR Code for a Trip" />
      </LocalizedNames>
    </Workflow>
    <Workflow WorkflowId="{72812548-4c32-ef11-8409-0022480a7409}" Name="Generate QR Codes for a Clock (minute hand)">
      <JsonFileName>/Workflows/GenerateQRCodesforaClockminutehand-72812548-4C32-EF11-8409-0022480A7409.json</JsonFileName>
      <Type>1</Type>
      <Subprocess>0</Subprocess>
      <Category>5</Category>
      <Mode>0</Mode>
      <Scope>4</Scope>
      <OnDemand>0</OnDemand>
      <TriggerOnCreate>0</TriggerOnCreate>
      <TriggerOnDelete>0</TriggerOnDelete>
      <AsyncAutodelete>0</AsyncAutodelete>
      <SyncWorkflowLogOnFailure>0</SyncWorkflowLogOnFailure>
      <StateCode>1</StateCode>
      <StatusCode>2</StatusCode>
      <RunAs>1</RunAs>
      <IsTransacted>1</IsTransacted>
      <IntroducedVersion>1.0</IntroducedVersion>
      <IsCustomizable>1</IsCustomizable>
      <IsCustomProcessingStepAllowedForOtherPublishers>1</IsCustomProcessingStepAllowedForOtherPublishers>
      <PrimaryEntity>none</PrimaryEntity>
      <LocalizedNames>
        <LocalizedName languagecode="1033" description="Generate QR Codes for a Clock (minute hand)" />
      </LocalizedNames>
    </Workflow>
    <Workflow WorkflowId="{62449676-7139-ef11-8409-0022480a7409}" Name="Generate a print-ready PDF from a Deck">
      <JsonFileName>/Workflows/Generateaprint-readyPDFfromaDeck-62449676-7139-EF11-8409-0022480A7409.json</JsonFileName>
      <Type>1</Type>
      <Subprocess>0</Subprocess>
      <Category>5</Category>
      <Mode>0</Mode>
      <Scope>4</Scope>
      <OnDemand>0</OnDemand>
      <TriggerOnCreate>0</TriggerOnCreate>
      <TriggerOnDelete>0</TriggerOnDelete>
      <AsyncAutodelete>0</AsyncAutodelete>
      <SyncWorkflowLogOnFailure>0</SyncWorkflowLogOnFailure>
      <StateCode>1</StateCode>
      <StatusCode>2</StatusCode>
      <RunAs>1</RunAs>
      <IsTransacted>1</IsTransacted>
      <IntroducedVersion>1.0.0.4</IntroducedVersion>
      <IsCustomizable>1</IsCustomizable>
      <IsCustomProcessingStepAllowedForOtherPublishers>1</IsCustomProcessingStepAllowedForOtherPublishers>
      <PrimaryEntity>none</PrimaryEntity>
      <LocalizedNames>
        <LocalizedName languagecode="1033" description="Generate a print-ready PDF from a Deck" />
      </LocalizedNames>
    </Workflow>
    <Workflow WorkflowId="{60516d7b-bc3c-ef11-8409-0022480a7409}" Name="x Generate business cards">
      <JsonFileName>/Workflows/xGeneratebusinesscards-60516D7B-BC3C-EF11-8409-0022480A7409.json</JsonFileName>
      <Type>1</Type>
      <Subprocess>0</Subprocess>
      <Category>5</Category>
      <Mode>0</Mode>
      <Scope>4</Scope>
      <OnDemand>0</OnDemand>
      <TriggerOnCreate>0</TriggerOnCreate>
      <TriggerOnDelete>0</TriggerOnDelete>
      <AsyncAutodelete>0</AsyncAutodelete>
      <SyncWorkflowLogOnFailure>0</SyncWorkflowLogOnFailure>
      <StateCode>0</StateCode>
      <StatusCode>1</StatusCode>
      <RunAs>1</RunAs>
      <IsTransacted>1</IsTransacted>
      <IntroducedVersion>1.0.0.4</IntroducedVersion>
      <IsCustomizable>1</IsCustomizable>
      <IsCustomProcessingStepAllowedForOtherPublishers>1</IsCustomProcessingStepAllowedForOtherPublishers>
      <PrimaryEntity>none</PrimaryEntity>
      <LocalizedNames>
        <LocalizedName languagecode="1033" description="x Generate business cards" />
      </LocalizedNames>
    </Workflow>
    <Workflow WorkflowId="{2e9c4ed5-833d-ef11-8409-0022480a7409}" Name="Generate Cards for a Deck">
      <JsonFileName>/Workflows/GenerateCardsforaDeck-2E9C4ED5-833D-EF11-8409-0022480A7409.json</JsonFileName>
      <Type>1</Type>
      <Subprocess>0</Subprocess>
      <Category>5</Category>
      <Mode>0</Mode>
      <Scope>4</Scope>
      <OnDemand>0</OnDemand>
      <TriggerOnCreate>0</TriggerOnCreate>
      <TriggerOnDelete>0</TriggerOnDelete>
      <AsyncAutodelete>0</AsyncAutodelete>
      <SyncWorkflowLogOnFailure>0</SyncWorkflowLogOnFailure>
      <StateCode>1</StateCode>
      <StatusCode>2</StatusCode>
      <RunAs>1</RunAs>
      <IsTransacted>1</IsTransacted>
      <IntroducedVersion>1.0.0.4</IntroducedVersion>
      <IsCustomizable>1</IsCustomizable>
      <IsCustomProcessingStepAllowedForOtherPublishers>1</IsCustomProcessingStepAllowedForOtherPublishers>
      <PrimaryEntity>none</PrimaryEntity>
      <LocalizedNames>
        <LocalizedName languagecode="1033" description="Generate Cards for a Deck" />
      </LocalizedNames>
    </Workflow>
    <Workflow WorkflowId="{361f9db2-b63d-ef11-8409-0022480a7409}" Name="Generate HTML sheet of business cards">
      <JsonFileName>/Workflows/GenerateHTMLsheetofbusinesscards-361F9DB2-B63D-EF11-8409-0022480A7409.json</JsonFileName>
      <Type>1</Type>
      <Subprocess>0</Subprocess>
      <Category>5</Category>
      <Mode>0</Mode>
      <Scope>4</Scope>
      <OnDemand>0</OnDemand>
      <TriggerOnCreate>0</TriggerOnCreate>
      <TriggerOnDelete>0</TriggerOnDelete>
      <AsyncAutodelete>0</AsyncAutodelete>
      <SyncWorkflowLogOnFailure>0</SyncWorkflowLogOnFailure>
      <StateCode>1</StateCode>
      <StatusCode>2</StatusCode>
      <RunAs>1</RunAs>
      <IsTransacted>1</IsTransacted>
      <IntroducedVersion>1.0.0.4</IntroducedVersion>
      <IsCustomizable>1</IsCustomizable>
      <IsCustomProcessingStepAllowedForOtherPublishers>1</IsCustomProcessingStepAllowedForOtherPublishers>
      <PrimaryEntity>none</PrimaryEntity>
      <LocalizedNames>
        <LocalizedName languagecode="1033" description="Generate HTML sheet of business cards" />
      </LocalizedNames>
    </Workflow>
    <Workflow WorkflowId="{bbc5509b-143e-ef11-8409-0022480a7409}" Name="List card fronts">
      <JsonFileName>/Workflows/Listcardfronts-BBC5509B-143E-EF11-8409-0022480A7409.json</JsonFileName>
      <Type>1</Type>
      <Subprocess>0</Subprocess>
      <Category>5</Category>
      <Mode>0</Mode>
      <Scope>4</Scope>
      <OnDemand>0</OnDemand>
      <TriggerOnCreate>0</TriggerOnCreate>
      <TriggerOnDelete>0</TriggerOnDelete>
      <AsyncAutodelete>0</AsyncAutodelete>
      <SyncWorkflowLogOnFailure>0</SyncWorkflowLogOnFailure>
      <StateCode>1</StateCode>
      <StatusCode>2</StatusCode>
      <RunAs>1</RunAs>
      <IsTransacted>1</IsTransacted>
      <IntroducedVersion>1.0.0.4</IntroducedVersion>
      <IsCustomizable>1</IsCustomizable>
      <IsCustomProcessingStepAllowedForOtherPublishers>1</IsCustomProcessingStepAllowedForOtherPublishers>
      <PrimaryEntity>none</PrimaryEntity>
      <LocalizedNames>
        <LocalizedName languagecode="1033" description="List card fronts" />
      </LocalizedNames>
    </Workflow>
    <Workflow WorkflowId="{24c2af27-213e-ef11-8409-0022480a7409}" Name="List card backs">
      <JsonFileName>/Workflows/Listcardbacks-24C2AF27-213E-EF11-8409-0022480A7409.json</JsonFileName>
      <Type>1</Type>
      <Subprocess>0</Subprocess>
      <Category>5</Category>
      <Mode>0</Mode>
      <Scope>4</Scope>
      <OnDemand>0</OnDemand>
      <TriggerOnCreate>0</TriggerOnCreate>
      <TriggerOnDelete>0</TriggerOnDelete>
      <AsyncAutodelete>0</AsyncAutodelete>
      <SyncWorkflowLogOnFailure>0</SyncWorkflowLogOnFailure>
      <StateCode>1</StateCode>
      <StatusCode>2</StatusCode>
      <RunAs>1</RunAs>
      <IsTransacted>1</IsTransacted>
      <IntroducedVersion>1.0.0.4</IntroducedVersion>
      <IsCustomizable>1</IsCustomizable>
      <IsCustomProcessingStepAllowedForOtherPublishers>1</IsCustomProcessingStepAllowedForOtherPublishers>
      <PrimaryEntity>none</PrimaryEntity>
      <LocalizedNames>
        <LocalizedName languagecode="1033" description="List card backs" />
      </LocalizedNames>
    </Workflow>
    <Workflow WorkflowId="{72cbe093-6011-ef11-9f89-6045bd07237d}" Name="Update activity quantity with new coupon book">
      <JsonFileName>/Workflows/Updateactivityquantitywithnewcouponbook-72CBE093-6011-EF11-9F89-6045BD07237D.json</JsonFileName>
      <Type>1</Type>
      <Subprocess>0</Subprocess>
      <Category>5</Category>
      <Mode>0</Mode>
      <Scope>4</Scope>
      <OnDemand>0</OnDemand>
      <TriggerOnCreate>0</TriggerOnCreate>
      <TriggerOnDelete>0</TriggerOnDelete>
      <AsyncAutodelete>0</AsyncAutodelete>
      <SyncWorkflowLogOnFailure>0</SyncWorkflowLogOnFailure>
      <StateCode>1</StateCode>
      <StatusCode>2</StatusCode>
      <RunAs>1</RunAs>
      <IsTransacted>1</IsTransacted>
      <IntroducedVersion>1.0.0.4</IntroducedVersion>
      <IsCustomizable>1</IsCustomizable>
      <IsCustomProcessingStepAllowedForOtherPublishers>1</IsCustomProcessingStepAllowedForOtherPublishers>
      <PrimaryEntity>none</PrimaryEntity>
      <LocalizedNames>
        <LocalizedName languagecode="1033" description="Update activity quantity with new coupon book" />
      </LocalizedNames>
    </Workflow>
    <Workflow WorkflowId="{fa2b1aff-4012-ef11-9f89-6045bd07237d}" Name="Process new trip">
      <JsonFileName>/Workflows/Processnewtrip-FA2B1AFF-4012-EF11-9F89-6045BD07237D.json</JsonFileName>
      <Type>1</Type>
      <Subprocess>0</Subprocess>
      <Category>5</Category>
      <Mode>0</Mode>
      <Scope>4</Scope>
      <OnDemand>0</OnDemand>
      <TriggerOnCreate>0</TriggerOnCreate>
      <TriggerOnDelete>0</TriggerOnDelete>
      <AsyncAutodelete>0</AsyncAutodelete>
      <SyncWorkflowLogOnFailure>0</SyncWorkflowLogOnFailure>
      <StateCode>1</StateCode>
      <StatusCode>2</StatusCode>
      <RunAs>1</RunAs>
      <IsTransacted>1</IsTransacted>
      <IntroducedVersion>1.0.0.4</IntroducedVersion>
      <IsCustomizable>1</IsCustomizable>
      <IsCustomProcessingStepAllowedForOtherPublishers>1</IsCustomProcessingStepAllowedForOtherPublishers>
      <PrimaryEntity>none</PrimaryEntity>
      <LocalizedNames>
        <LocalizedName languagecode="1033" description="Process new trip" />
      </LocalizedNames>
    </Workflow>
  </Workflows>
  <FieldSecurityProfiles></FieldSecurityProfiles>
  <Templates />
  <EntityMaps />
  <EntityRelationships />
  <OrganizationSettings />
  <optionsets />
  <CustomControls />
  <EntityDataProviders />
  <CanvasApps>
    <CanvasApp>
      <Name>mcdev_mztdemo_05b6d</Name>
      <AppVersion>2025-01-04T04:31:50Z</AppVersion>
      <Status>Ready</Status>
      <CreatedByClientVersion>3.24082.13.0</CreatedByClientVersion>
      <MinClientVersion>3.24082.13.0</MinClientVersion>
      <Tags>{"primaryDeviceWidth":"1366","primaryDeviceHeight":"768","supportsPortrait":"true","supportsLandscape":"true","primaryFormFactor":"Tablet","showStatusBar":"false","publisherVersion":"3.24082.13","minimumRequiredApiVersion":"2.2.0","hasComponent":"false","hasUnlockedComponent":"false","isUnifiedRootApp":"false"}</Tags>
      <IsCdsUpgraded>0</IsCdsUpgraded>
      <GalleryItemId xsi:nil="true"></GalleryItemId>
      <BackgroundColor>RGBA(0,176,240,1)</BackgroundColor>
      <DisplayName>mzt Demo</DisplayName>
      <Description></Description>
      <CommitMessage></CommitMessage>
      <Publisher></Publisher>
      <AuthorizationReferences>[]</AuthorizationReferences>
      <ConnectionReferences>{"d27fbe89-7f40-46d6-8c09-631bcd2beb78":{"id":"/providers/microsoft.powerapps/apis/shared_logicflows","displayName":"Logic flows","iconUri":"https://connectoricons-prod.azureedge.net/releases/v1.0.1719/1.0.1719.3955/logicflows/icon.png","dataSources":["mztDetectQRCodeonBlobimage"],"dependencies":[],"dependents":[],"parameterHints":{"workflowName":{"value":"a790d8dd-4470-40be-b605-38c6646c7361"},"workflowEntityId":{"value":"327053f7-7465-ef11-bfe2-000d3a5ca663"},"workflowDisplayName":{"value":"mzt Detect QR Code on Blob image"}},"parameterHintsV2":{"workflowName":{"value":"a790d8dd-4470-40be-b605-38c6646c7361"},"workflowEntityId":{"value":"327053f7-7465-ef11-bfe2-000d3a5ca663"},"workflowDisplayName":{"value":"mzt Detect QR Code on Blob image"}},"isOnPremiseConnection":false,"bypassConsent":false,"dataSets":{},"apiTier":"Standard","actions":["Run"]},"9d5996c1-1d2d-48fb-b3d9-cc3c8e071a72":{"id":"/providers/microsoft.powerapps/apis/shared_logicflows","displayName":"Logic flows","iconUri":"https://connectoricons-prod.azureedge.net/releases/v1.0.1719/1.0.1719.3955/logicflows/icon.png","dataSources":["mztQRCodeGenerator"],"dependencies":[],"dependents":[],"parameterHints":{"workflowName":{"value":"b992461e-96ca-473c-9045-a2860037bb84"},"workflowEntityId":{"value":"b93ae6de-3466-ef11-bfe2-000d3a5ca663"},"workflowDisplayName":{"value":"mzt QR Code Generator"}},"parameterHintsV2":{"workflowName":{"value":"b992461e-96ca-473c-9045-a2860037bb84"},"workflowEntityId":{"value":"b93ae6de-3466-ef11-bfe2-000d3a5ca663"},"workflowDisplayName":{"value":"mzt QR Code Generator"}},"isOnPremiseConnection":false,"bypassConsent":false,"dataSets":{},"apiTier":"Standard"},"611e0fcf-d535-43b5-8dc0-d678138a7ae8":{"id":"/providers/microsoft.powerapps/apis/shared_logicflows","displayName":"Logic flows","iconUri":"https://connectoricons-prod.azureedge.net/releases/v1.0.1719/1.0.1719.3955/logicflows/icon.png","dataSources":["mztQRCodeOverlay"],"dependencies":[],"dependents":[],"parameterHints":{"workflowName":{"value":"3dfe3a46-4918-4580-b15f-2407fb14a61e"},"workflowEntityId":{"value":"ba3ae6de-3466-ef11-bfe2-000d3a5ca663"},"workflowDisplayName":{"value":"mzt QR Code Overlay"}},"parameterHintsV2":{"workflowName":{"value":"3dfe3a46-4918-4580-b15f-2407fb14a61e"},"workflowEntityId":{"value":"ba3ae6de-3466-ef11-bfe2-000d3a5ca663"},"workflowDisplayName":{"value":"mzt QR Code Overlay"}},"isOnPremiseConnection":false,"bypassConsent":false,"dataSets":{},"apiTier":"Standard"},"9791fda2-bdd1-4e15-ae17-08de924ca15d":{"id":"/providers/microsoft.powerapps/apis/shared_logicflows","displayName":"Logic flows","iconUri":"https://connectoricons-prod.azureedge.net/releases/v1.0.1719/1.0.1719.3955/logicflows/icon.png","dataSources":["mzt_GetBlob"],"dependencies":[],"dependents":[],"parameterHints":{"workflowName":{"value":"93168851-1feb-40ae-a529-cf085ac02263"},"workflowEntityId":{"value":"725e79c9-7365-ef11-bfe2-000d3a5ca663"},"workflowDisplayName":{"value":"mzt_GetBlob"}},"parameterHintsV2":{"workflowName":{"value":"93168851-1feb-40ae-a529-cf085ac02263"},"workflowEntityId":{"value":"725e79c9-7365-ef11-bfe2-000d3a5ca663"},"workflowDisplayName":{"value":"mzt_GetBlob"}},"isOnPremiseConnection":false,"bypassConsent":false,"dataSets":{},"apiTier":"Standard","actions":["Run"]},"f8e1e70e-2d09-4367-a171-0aa21f352da5":{"id":"/providers/microsoft.powerapps/apis/shared_logicflows","displayName":"Logic flows","iconUri":"https://connectoricons-prod.azureedge.net/releases/v1.0.1719/1.0.1719.3955/logicflows/icon.png","dataSources":["mzt_UploadImageAsBlob"],"dependencies":["931b7e72-b6ad-42ba-a3fe-27a117d11351"],"dependents":[],"parameterHints":{"workflowName":{"value":"f8df4170-fcde-48d2-9a2b-5f49aaf9ab0f"},"workflowEntityId":{"value":"745e79c9-7365-ef11-bfe2-000d3a5ca663"},"workflowDisplayName":{"value":"mzt_UploadImageAsBlob"},"931b7e72-b6ad-42ba-a3fe-27a117d11351":{"value":"shared_azureblob"}},"parameterHintsV2":{"workflowName":{"value":"f8df4170-fcde-48d2-9a2b-5f49aaf9ab0f"},"workflowEntityId":{"value":"745e79c9-7365-ef11-bfe2-000d3a5ca663"},"workflowDisplayName":{"value":"mzt_UploadImageAsBlob"},"shared_azureblob":{"value":"931b7e72-b6ad-42ba-a3fe-27a117d11351"}},"isOnPremiseConnection":false,"bypassConsent":false,"dataSets":{},"apiTier":"Standard"},"931b7e72-b6ad-42ba-a3fe-27a117d11351":{"id":"/providers/microsoft.powerapps/apis/shared_azureblob","displayName":"Azure Blob Storage","iconUri":"https://connectoricons-prod.azureedge.net/releases/v1.0.1718/1.0.1718.3944/azureblob/icon.png","dataSources":[],"dependencies":[],"dependents":["f8e1e70e-2d09-4367-a171-0aa21f352da5"],"parameterHints":{},"parameterHintsV2":{},"isOnPremiseConnection":false,"bypassConsent":false,"dataSets":{},"apiTier":"Premium","authenticationType":"tokenBasedAuth"}}</ConnectionReferences>
      <DatabaseReferences>{}</DatabaseReferences>
      <AppComponents>[]</AppComponents>
      <AppComponentDependencies>[]</AppComponentDependencies>
      <CanConsumeAppPass>1</CanConsumeAppPass>
      <CanvasAppType>0</CanvasAppType>
      <BypassConsent>0</BypassConsent>
      <EmbeddedApp xsi:nil="true"></EmbeddedApp>
      <IntroducedVersion>1.0</IntroducedVersion>
      <CdsDependencies>{"cdsdependencies":[{"componenttype":29,"dependencyid":"327053f7-7465-ef11-bfe2-000d3a5ca663","componenttypeplatformname":"Workflow"},{"componenttype":29,"dependencyid":"b93ae6de-3466-ef11-bfe2-000d3a5ca663","componenttypeplatformname":"Workflow"},{"componenttype":29,"dependencyid":"ba3ae6de-3466-ef11-bfe2-000d3a5ca663","componenttypeplatformname":"Workflow"},{"componenttype":29,"dependencyid":"725e79c9-7365-ef11-bfe2-000d3a5ca663","componenttypeplatformname":"Workflow"},{"componenttype":29,"dependencyid":"745e79c9-7365-ef11-bfe2-000d3a5ca663","componenttypeplatformname":"Workflow"}]}</CdsDependencies>
      <IsCustomizable>1</IsCustomizable>
      <BackgroundImageUri>/CanvasApps/mcdev_mztdemo_05b6d_BackgroundImageUri</BackgroundImageUri>
      <DocumentUri>/CanvasApps/mcdev_mztdemo_05b6d_DocumentUri.msapp</DocumentUri>
      <AdditionalUris>
        <AdditionalUri>/CanvasApps/mcdev_mztdemo_05b6d_AdditionalUris0_identity.json</AdditionalUri>
      </AdditionalUris>
    </CanvasApp>
    <CanvasApp>
      <Name>mcdev_businesscardgenerator_4902c</Name>
      <AppVersion>2025-01-07T20:08:54Z</AppVersion>
      <Status>Ready</Status>
      <CreatedByClientVersion>3.24122.12.0</CreatedByClientVersion>
      <MinClientVersion>3.24122.12.0</MinClientVersion>
      <Tags>{"primaryDeviceWidth":"1366","primaryDeviceHeight":"768","supportsPortrait":"true","supportsLandscape":"true","primaryFormFactor":"Tablet","showStatusBar":"false","publisherVersion":"3.24122.12","minimumRequiredApiVersion":"2.2.0","hasComponent":"false","hasUnlockedComponent":"false","isUnifiedRootApp":"false","sienaVersion":"20250106T215152Z-3.24122.12.0"}</Tags>
      <IsCdsUpgraded>0</IsCdsUpgraded>
      <GalleryItemId xsi:nil="true"></GalleryItemId>
      <BackgroundColor>RGBA(0,176,240,1)</BackgroundColor>
      <DisplayName>Business Card Generator</DisplayName>
      <Description xsi:nil="true"></Description>
      <CommitMessage xsi:nil="true"></CommitMessage>
      <Publisher></Publisher>
      <AuthorizationReferences>[]</AuthorizationReferences>
      <ConnectionReferences>{"01880285-a713-4693-8823-672379b3d285":{"id":"/providers/microsoft.powerapps/apis/shared_logicflows","displayName":"Logic flows","iconUri":"https://connectoricons-prod.azureedge.net/releases/v1.0.1725/1.0.1725.4004/logicflows/icon.png","dataSources":["Listcardfronts"],"dependencies":["e228af3a-ee2c-4bc1-823d-daa19653fabc"],"dependents":[],"parameterHints":{"workflowName":{"value":"1728d1ea-f4c4-4b96-9a03-3f6094194a33"},"workflowEntityId":{"value":"bbc5509b-143e-ef11-8409-0022480a7409"},"workflowDisplayName":{"value":"List card fronts"},"e228af3a-ee2c-4bc1-823d-daa19653fabc":{"value":"shared_azureblob"}},"parameterHintsV2":{"workflowName":{"value":"1728d1ea-f4c4-4b96-9a03-3f6094194a33"},"workflowEntityId":{"value":"bbc5509b-143e-ef11-8409-0022480a7409"},"workflowDisplayName":{"value":"List card fronts"},"shared_azureblob":{"value":"e228af3a-ee2c-4bc1-823d-daa19653fabc"}},"isOnPremiseConnection":false,"bypassConsent":false,"dataSets":{},"apiTier":"Standard","actions":["Run"]},"e228af3a-ee2c-4bc1-823d-daa19653fabc":{"id":"/providers/microsoft.powerapps/apis/shared_azureblob","displayName":"Azure Blob Storage","iconUri":"https://connectoricons-prod.azureedge.net/releases/v1.0.1718/1.0.1718.3944/azureblob/icon.png","dataSources":[],"dependencies":[],"dependents":["01880285-a713-4693-8823-672379b3d285","2d6281aa-3de2-4d00-8c42-f5c5e1f5a680","6affba2b-b7a6-40a6-a125-529e3232b8e7","7f95d7ef-9d9c-4896-a7d2-c30ff7a6cdc9","ce2c962b-46a7-4953-92ef-e795402d5204"],"parameterHints":{},"parameterHintsV2":{},"isOnPremiseConnection":false,"bypassConsent":false,"dataSets":{},"apiTier":"Premium","authenticationType":"tokenBasedAuth"},"2d6281aa-3de2-4d00-8c42-f5c5e1f5a680":{"id":"/providers/microsoft.powerapps/apis/shared_logicflows","displayName":"Logic flows","iconUri":"https://connectoricons-prod.azureedge.net/releases/v1.0.1725/1.0.1725.4004/logicflows/icon.png","dataSources":["Listcardbacks"],"dependencies":["e228af3a-ee2c-4bc1-823d-daa19653fabc"],"dependents":[],"parameterHints":{"workflowName":{"value":"fadef05a-4cd5-4652-8f15-f45f0671c2cb"},"workflowEntityId":{"value":"24c2af27-213e-ef11-8409-0022480a7409"},"workflowDisplayName":{"value":"List card backs"},"e228af3a-ee2c-4bc1-823d-daa19653fabc":{"value":"shared_azureblob"}},"parameterHintsV2":{"workflowName":{"value":"fadef05a-4cd5-4652-8f15-f45f0671c2cb"},"workflowEntityId":{"value":"24c2af27-213e-ef11-8409-0022480a7409"},"workflowDisplayName":{"value":"List card backs"},"shared_azureblob":{"value":"e228af3a-ee2c-4bc1-823d-daa19653fabc"}},"isOnPremiseConnection":false,"bypassConsent":false,"dataSets":{},"apiTier":"Standard","actions":["Run"]},"38bafa79-d12d-4b73-80bc-a6c1c633100d":{"id":"/providers/microsoft.powerapps/apis/shared_logicflows","displayName":"Logic flows","iconUri":"https://connectoricons-prod.azureedge.net/releases/v1.0.1725/1.0.1725.4004/logicflows/icon.png","dataSources":["GenerateCardsforaDeck"],"dependencies":["c7062165-64f6-40cb-8406-6b6b29f788b3"],"dependents":[],"parameterHints":{"workflowName":{"value":"1b5b896e-dfdc-4512-b13b-a036ceca8164"},"workflowEntityId":{"value":"2e9c4ed5-833d-ef11-8409-0022480a7409"},"workflowDisplayName":{"value":"Generate Cards for a Deck"},"c7062165-64f6-40cb-8406-6b6b29f788b3":{"value":"shared_commondataserviceforapps"}},"parameterHintsV2":{"workflowName":{"value":"1b5b896e-dfdc-4512-b13b-a036ceca8164"},"workflowEntityId":{"value":"2e9c4ed5-833d-ef11-8409-0022480a7409"},"workflowDisplayName":{"value":"Generate Cards for a Deck"},"shared_commondataserviceforapps":{"value":"c7062165-64f6-40cb-8406-6b6b29f788b3"}},"isOnPremiseConnection":false,"bypassConsent":false,"dataSets":{},"apiTier":"Standard","actions":["Run"]},"c7062165-64f6-40cb-8406-6b6b29f788b3":{"id":"/providers/microsoft.powerapps/apis/shared_commondataserviceforapps","displayName":"Microsoft Dataverse","iconUri":"https://connectoricons-prod.azureedge.net/releases/v1.0.1722/1.0.1722.3977/commondataserviceforapps/icon.png","dataSources":[],"dependencies":[],"dependents":["38bafa79-d12d-4b73-80bc-a6c1c633100d","6affba2b-b7a6-40a6-a125-529e3232b8e7","351927fd-6075-49ed-a503-e271f6216505"],"parameterHints":{},"parameterHintsV2":{},"isOnPremiseConnection":false,"bypassConsent":false,"dataSets":{},"apiTier":"Premium"},"911279c9-f9f3-4d65-897c-e5681fb6f812":{"id":"/providers/microsoft.powerapps/apis/shared_logicflows","displayName":"Logic flows","iconUri":"https://connectoricons-prod.azureedge.net/releases/v1.0.1725/1.0.1725.4004/logicflows/icon.png","dataSources":["CreateasheetofTripsforMztapeCard"],"dependencies":["2c6fbe83-d05f-4788-a922-e88d53cbf16e"],"dependents":[],"parameterHints":{"workflowName":{"value":"0762b4b4-13ba-4ce5-8ad5-3d4f655dd4a1"},"workflowEntityId":{"value":"485bb4b7-395b-ef11-bfe2-000d3a5a233e"},"workflowDisplayName":{"value":"Create a sheet of Trips for MztapeCard"},"2c6fbe83-d05f-4788-a922-e88d53cbf16e":{"value":"shared_commondataserviceforapps"}},"parameterHintsV2":{"workflowName":{"value":"0762b4b4-13ba-4ce5-8ad5-3d4f655dd4a1"},"workflowEntityId":{"value":"485bb4b7-395b-ef11-bfe2-000d3a5a233e"},"workflowDisplayName":{"value":"Create a sheet of Trips for MztapeCard"},"shared_commondataserviceforapps":{"value":"2c6fbe83-d05f-4788-a922-e88d53cbf16e"}},"isOnPremiseConnection":false,"bypassConsent":false,"dataSets":{},"apiTier":"Standard","actions":["Run"]},"2c6fbe83-d05f-4788-a922-e88d53cbf16e":{"id":"/providers/microsoft.powerapps/apis/shared_commondataserviceforapps","displayName":"Microsoft Dataverse","iconUri":"https://connectoricons-prod.azureedge.net/releases/v1.0.1722/1.0.1722.3977/commondataserviceforapps/icon.png","dataSources":[],"dependencies":[],"dependents":["911279c9-f9f3-4d65-897c-e5681fb6f812"],"parameterHints":{},"parameterHintsV2":{},"isOnPremiseConnection":false,"bypassConsent":false,"dataSets":{},"apiTier":"Premium"},"6affba2b-b7a6-40a6-a125-529e3232b8e7":{"id":"/providers/microsoft.powerapps/apis/shared_logicflows","displayName":"Logic flows","iconUri":"https://connectoricons-prod.azureedge.net/releases/v1.0.1725/1.0.1725.4004/logicflows/icon.png","dataSources":["Upsertcardbacks"],"dependencies":["e228af3a-ee2c-4bc1-823d-daa19653fabc","c7062165-64f6-40cb-8406-6b6b29f788b3"],"dependents":[],"parameterHints":{"workflowName":{"value":"f7fbec45-2c5d-4ad1-bb24-b98157be45e4"},"workflowEntityId":{"value":"2e4dc683-024a-ef11-a316-000d3a33b902"},"workflowDisplayName":{"value":"Upsert card backs"},"e228af3a-ee2c-4bc1-823d-daa19653fabc":{"value":"shared_azureblob"},"c7062165-64f6-40cb-8406-6b6b29f788b3":{"value":"shared_commondataserviceforapps"}},"parameterHintsV2":{"workflowName":{"value":"f7fbec45-2c5d-4ad1-bb24-b98157be45e4"},"workflowEntityId":{"value":"2e4dc683-024a-ef11-a316-000d3a33b902"},"workflowDisplayName":{"value":"Upsert card backs"},"shared_azureblob":{"value":"e228af3a-ee2c-4bc1-823d-daa19653fabc"},"shared_commondataserviceforapps":{"value":"c7062165-64f6-40cb-8406-6b6b29f788b3"}},"isOnPremiseConnection":false,"bypassConsent":false,"dataSets":{},"apiTier":"Standard","actions":["Run"]},"bd1aa864-0cd5-422d-b9f4-19f527834524":{"id":"/providers/microsoft.powerapps/apis/shared_logicflows","displayName":"Logic flows","iconUri":"https://connectoricons-prod.azureedge.net/releases/v1.0.1725/1.0.1725.4004/logicflows/icon.png","dataSources":["Importcard-levelURLsbySequenceforaDeck"],"dependencies":["d8fcdd98-2a42-4c3d-b8e3-47e203063658"],"dependents":[],"parameterHints":{"workflowName":{"value":"7033f5a1-d145-43b3-9714-49b01580d1bb"},"workflowEntityId":{"value":"f16074fd-265f-ef11-bfe3-000d3a5a233e"},"workflowDisplayName":{"value":"Import card-level URLs by Sequence for a Deck "},"d8fcdd98-2a42-4c3d-b8e3-47e203063658":{"value":"shared_excelonlinebusiness"}},"parameterHintsV2":{"workflowName":{"value":"7033f5a1-d145-43b3-9714-49b01580d1bb"},"workflowEntityId":{"value":"f16074fd-265f-ef11-bfe3-000d3a5a233e"},"workflowDisplayName":{"value":"Import card-level URLs by Sequence for a Deck "},"shared_excelonlinebusiness":{"value":"d8fcdd98-2a42-4c3d-b8e3-47e203063658"}},"isOnPremiseConnection":false,"bypassConsent":false,"dataSets":{},"apiTier":"Standard"},"d8fcdd98-2a42-4c3d-b8e3-47e203063658":{"id":"/providers/microsoft.powerapps/apis/shared_excelonlinebusiness","displayName":"Excel Online (Business)","iconUri":"https://connectoricons-prod.azureedge.net/releases/v1.0.1718/1.0.1718.3946/excelonlinebusiness/icon.png","dataSources":[],"dependencies":[],"dependents":["bd1aa864-0cd5-422d-b9f4-19f527834524"],"parameterHints":{},"parameterHintsV2":{},"isOnPremiseConnection":false,"bypassConsent":false,"dataSets":{},"apiTier":"Standard"},"7f95d7ef-9d9c-4896-a7d2-c30ff7a6cdc9":{"id":"/providers/microsoft.powerapps/apis/shared_logicflows","displayName":"Logic flows","iconUri":"https://connectoricons-prod.azureedge.net/releases/v1.0.1725/1.0.1725.4004/logicflows/icon.png","dataSources":["GenerateHTMLsheet1-up"],"dependencies":["e228af3a-ee2c-4bc1-823d-daa19653fabc"],"dependents":[],"parameterHints":{"workflowName":{"value":"818d0e0b-6912-4763-ad98-59487cabc971"},"workflowEntityId":{"value":"5bbc8a4f-4c5f-ef11-bfe3-000d3a5a233e"},"workflowDisplayName":{"value":"Generate HTML sheet 1-up"},"e228af3a-ee2c-4bc1-823d-daa19653fabc":{"value":"shared_azureblob"}},"parameterHintsV2":{"workflowName":{"value":"818d0e0b-6912-4763-ad98-59487cabc971"},"workflowEntityId":{"value":"5bbc8a4f-4c5f-ef11-bfe3-000d3a5a233e"},"workflowDisplayName":{"value":"Generate HTML sheet 1-up"},"shared_azureblob":{"value":"e228af3a-ee2c-4bc1-823d-daa19653fabc"}},"isOnPremiseConnection":false,"bypassConsent":false,"dataSets":{},"apiTier":"Standard","actions":["Run"]},"5bbceeae-b3b6-40d4-8d6e-ea7c478d06a1":{"id":"/providers/microsoft.powerapps/apis/shared_logicflows","displayName":"Logic flows","iconUri":"https://connectoricons-prod.azureedge.net/releases/v1.0.1725/1.0.1725.4004/logicflows/icon.png","dataSources":["GenerateTripsfromCardAssignments"],"dependencies":[],"dependents":[],"parameterHints":{"workflowName":{"value":"9bee5056-4e03-4f73-a7cf-b42c19999e83"},"workflowEntityId":{"value":"457d0ebc-535b-ef11-bfe2-000d3a5a233e"},"workflowDisplayName":{"value":"Generate Trips from Card Assignments"}},"parameterHintsV2":{"workflowName":{"value":"9bee5056-4e03-4f73-a7cf-b42c19999e83"},"workflowEntityId":{"value":"457d0ebc-535b-ef11-bfe2-000d3a5a233e"},"workflowDisplayName":{"value":"Generate Trips from Card Assignments"}},"isOnPremiseConnection":false,"bypassConsent":false,"dataSets":{},"apiTier":"Standard","actions":["Run"]},"351927fd-6075-49ed-a503-e271f6216505":{"id":"/providers/microsoft.powerapps/apis/shared_logicflows","displayName":"Logic flows","iconUri":"https://connectoricons-prod.azureedge.net/releases/v1.0.1725/1.0.1725.4004/logicflows/icon.png","dataSources":["GenerateaDeckofCardswithFixedQRCodes"],"dependencies":["c7062165-64f6-40cb-8406-6b6b29f788b3"],"dependents":[],"parameterHints":{"workflowName":{"value":"beb7ed59-b396-4e73-bf0b-6e6d03156eda"},"workflowEntityId":{"value":"ae2b3b13-385f-ef11-bfe3-000d3a5a233e"},"workflowDisplayName":{"value":"Generate a Deck of Cards with Fixed QR Codes"},"c7062165-64f6-40cb-8406-6b6b29f788b3":{"value":"shared_commondataserviceforapps"}},"parameterHintsV2":{"workflowName":{"value":"beb7ed59-b396-4e73-bf0b-6e6d03156eda"},"workflowEntityId":{"value":"ae2b3b13-385f-ef11-bfe3-000d3a5a233e"},"workflowDisplayName":{"value":"Generate a Deck of Cards with Fixed QR Codes"},"shared_commondataserviceforapps":{"value":"c7062165-64f6-40cb-8406-6b6b29f788b3"}},"isOnPremiseConnection":false,"bypassConsent":false,"dataSets":{},"apiTier":"Standard","actions":["Run"]},"ce2c962b-46a7-4953-92ef-e795402d5204":{"id":"/providers/microsoft.powerapps/apis/shared_logicflows","displayName":"Logic flows","iconUri":"https://connectoricons-prod.azureedge.net/releases/v1.0.1725/1.0.1725.4004/logicflows/icon.png","dataSources":["GenerateHTMLsheetofbusinesscards"],"dependencies":["e228af3a-ee2c-4bc1-823d-daa19653fabc"],"dependents":[],"parameterHints":{"workflowName":{"value":"7e306bf2-5b52-423f-869a-e7a17a052239"},"workflowEntityId":{"value":"361f9db2-b63d-ef11-8409-0022480a7409"},"workflowDisplayName":{"value":"Generate HTML sheet of business cards"},"e228af3a-ee2c-4bc1-823d-daa19653fabc":{"value":"shared_azureblob"}},"parameterHintsV2":{"workflowName":{"value":"7e306bf2-5b52-423f-869a-e7a17a052239"},"workflowEntityId":{"value":"361f9db2-b63d-ef11-8409-0022480a7409"},"workflowDisplayName":{"value":"Generate HTML sheet of business cards"},"shared_azureblob":{"value":"e228af3a-ee2c-4bc1-823d-daa19653fabc"}},"isOnPremiseConnection":false,"bypassConsent":false,"dataSets":{},"apiTier":"Standard","actions":["Run"]}}</ConnectionReferences>
      <DatabaseReferences>{"default.cds":{"databaseDetails":{"referenceType":"Environmental","environmentName":"default.cds","overrideValues":{"status":"NotSpecified","environmentVariableName":""}},"dataSources":{"Decks":{"entitySetName":"mcdev_decks","logicalName":"mcdev_deck"},"Contacts":{"entitySetName":"contacts","logicalName":"contact"},"Trips":{"entitySetName":"new_invoices","logicalName":"new_invoice"},"Mztape Cards":{"entitySetName":"mcdev_cards","logicalName":"mcdev_card"},"Illustrations":{"entitySetName":"mcdev_illustrations","logicalName":"mcdev_illustration"},"Card Borders":{"entitySetName":"mcdev_cardborders","logicalName":"mcdev_cardborder"},"Categories":{"entitySetName":"new_categories","logicalName":"new_category"},"Destinations":{"entitySetName":"new_products","logicalName":"new_product"},"Guest Activities":{"entitySetName":"new_skus","logicalName":"new_sku"},"Brands":{"entitySetName":"mcdev_brands","logicalName":"mcdev_brand"}}}}</DatabaseReferences>
      <AppComponents>[]</AppComponents>
      <AppComponentDependencies>[]</AppComponentDependencies>
      <CanConsumeAppPass>1</CanConsumeAppPass>
      <CanvasAppType>0</CanvasAppType>
      <BypassConsent>0</BypassConsent>
      <AdminControlBypassConsent>0</AdminControlBypassConsent>
      <EmbeddedApp xsi:nil="true"></EmbeddedApp>
      <IntroducedVersion>1.0</IntroducedVersion>
      <CdsDependencies>{"cdsdependencies":[{"dependencyid":"bbc5509b-143e-ef11-8409-0022480a7409","componenttype":29,"componenttypeplatformname":"Workflow"},{"dependencyid":"24c2af27-213e-ef11-8409-0022480a7409","componenttype":29,"componenttypeplatformname":"Workflow"},{"dependencyid":"2e9c4ed5-833d-ef11-8409-0022480a7409","componenttype":29,"componenttypeplatformname":"Workflow"},{"dependencyid":"485bb4b7-395b-ef11-bfe2-000d3a5a233e","componenttype":29,"componenttypeplatformname":"Workflow"},{"dependencyid":"2e4dc683-024a-ef11-a316-000d3a33b902","componenttype":29,"componenttypeplatformname":"Workflow"},{"dependencyid":"f16074fd-265f-ef11-bfe3-000d3a5a233e","componenttype":29,"componenttypeplatformname":"Workflow"},{"dependencyid":"5bbc8a4f-4c5f-ef11-bfe3-000d3a5a233e","componenttype":29,"componenttypeplatformname":"Workflow"},{"dependencyid":"457d0ebc-535b-ef11-bfe2-000d3a5a233e","componenttype":29,"componenttypeplatformname":"Workflow"},{"dependencyid":"ae2b3b13-385f-ef11-bfe3-000d3a5a233e","componenttype":29,"componenttypeplatformname":"Workflow"},{"dependencyid":"361f9db2-b63d-ef11-8409-0022480a7409","componenttype":29,"componenttypeplatformname":"Workflow"},{"logicalname":"mcdev_deck","componenttype":1},{"logicalname":"contact","componenttype":1},{"logicalname":"new_invoice","componenttype":1},{"logicalname":"mcdev_card","componenttype":1},{"logicalname":"mcdev_illustration","componenttype":1},{"logicalname":"mcdev_cardborder","componenttype":1},{"logicalname":"new_category","componenttype":1},{"logicalname":"new_product","componenttype":1},{"logicalname":"new_sku","componenttype":1},{"logicalname":"mcdev_brand","componenttype":1}]}</CdsDependencies>
      <IsCustomizable>1</IsCustomizable>
      <BackgroundImageUri>/CanvasApps/mcdev_businesscardgenerator_4902c_BackgroundImageUri</BackgroundImageUri>
      <DocumentUri>/CanvasApps/mcdev_businesscardgenerator_4902c_DocumentUri.msapp</DocumentUri>
      <AdditionalUris>
        <AdditionalUri>/CanvasApps/mcdev_businesscardgenerator_4902c_AdditionalUris0_identity.json</AdditionalUri>
      </AdditionalUris>
    </CanvasApp>
    <CanvasApp>
      <Name>new_solestylestore_80949</Name>
      <AppVersion>2025-01-04T04:31:52Z</AppVersion>
      <Status>Ready</Status>
      <CreatedByClientVersion>3.24072.14.0</CreatedByClientVersion>
      <MinClientVersion>3.24072.14.0</MinClientVersion>
      <Tags>{"primaryDeviceWidth":"1366","primaryDeviceHeight":"768","supportsPortrait":"true","supportsLandscape":"true","primaryFormFactor":"Tablet","showStatusBar":"false","publisherVersion":"3.24072.14","minimumRequiredApiVersion":"2.2.0","hasComponent":"false","hasUnlockedComponent":"false","isUnifiedRootApp":"false","offlineLargeFilesSupport":"false","sienaVersion":"20240710T182542Z-3.24064.21.0"}</Tags>
      <IsCdsUpgraded>0</IsCdsUpgraded>
      <GalleryItemId xsi:nil="true"></GalleryItemId>
      <BackgroundColor>RGBA(0,176,240,1)</BackgroundColor>
      <DisplayName>Convention City App</DisplayName>
      <Description></Description>
      <CommitMessage></CommitMessage>
      <Publisher></Publisher>
      <AuthorizationReferences>[]</AuthorizationReferences>
      <ConnectionReferences>{}</ConnectionReferences>
      <DatabaseReferences>{"default.cds":{"databaseDetails":{"referenceType":"Environmental","environmentName":"default.cds","overrideValues":{"status":"NotSpecified","environmentVariableName":""}},"dataSources":{"Colors":{"entitySetName":"new_colors","logicalName":"new_color"},"Invoice Lines":{"entitySetName":"new_invoicelines","logicalName":"new_invoiceline"},"Invoices":{"entitySetName":"new_invoices","logicalName":"new_invoice"},"Product Photos":{"entitySetName":"new_productphotos","logicalName":"new_productphoto"},"Products":{"entitySetName":"new_products","logicalName":"new_product"},"Shoe Categories":{"entitySetName":"new_categories","logicalName":"new_category"},"SKUs":{"entitySetName":"new_skus","logicalName":"new_sku"},"Styles":{"entitySetName":"new_styles","logicalName":"new_style"},"Accounts":{"entitySetName":"accounts","logicalName":"account"},"Contacts":{"entitySetName":"contacts","logicalName":"contact"},"Bulk Delete Failures":{"entitySetName":"bulkdeletefailures","logicalName":"bulkdeletefailure"}}}}</DatabaseReferences>
      <AppComponents>[]</AppComponents>
      <AppComponentDependencies>[]</AppComponentDependencies>
      <CanConsumeAppPass>1</CanConsumeAppPass>
      <CanvasAppType>0</CanvasAppType>
      <BypassConsent>0</BypassConsent>
      <EmbeddedApp xsi:nil="true"></EmbeddedApp>
      <IntroducedVersion>1.0</IntroducedVersion>
      <CdsDependencies>{"cdsdependencies":[{"componenttype":1,"logicalname":"new_color"},{"componenttype":1,"logicalname":"new_invoiceline"},{"componenttype":1,"logicalname":"new_invoice"},{"componenttype":1,"logicalname":"new_productphoto"},{"componenttype":1,"logicalname":"new_product"},{"componenttype":1,"logicalname":"new_category"},{"componenttype":1,"logicalname":"new_sku"},{"componenttype":1,"logicalname":"new_style"},{"componenttype":1,"logicalname":"account"},{"componenttype":1,"logicalname":"contact"},{"componenttype":1,"logicalname":"bulkdeletefailure"}]}</CdsDependencies>
      <IsCustomizable>1</IsCustomizable>
      <BackgroundImageUri>/CanvasApps/new_solestylestore_80949_BackgroundImageUri</BackgroundImageUri>
      <DocumentUri>/CanvasApps/new_solestylestore_80949_DocumentUri.msapp</DocumentUri>
      <AdditionalUris>
        <AdditionalUri>/CanvasApps/new_solestylestore_80949_AdditionalUris0_identity.json</AdditionalUri>
      </AdditionalUris>
    </CanvasApp>
  </CanvasApps>
  <Languages>
    <Language>1033</Language>
  </Languages>
</ImportExportXml>