<powerpagecomponent powerpagecomponentid="24cf7baa-0fe0-44cb-9600-9fe9e82e6d55">
  <content>{"enablerating":false,"enabletracking":false,"excludefromsearch":false,"hiddenfromsitemap":true,"isroot":true,"pagetemplateid":"1e0a21e4-eea4-4fba-91a0-00a1f1b295aa","parentpageid":"ea3fef6d-98c3-416d-8c35-cdd23488011d","partialurl":"profile","publishingstateid":"8fde6bcb-e262-4220-abad-cae59a5b1be3","sharedpageconfiguration":false,"title":"Profile"}</content>
  <iscustomizable>1</iscustomizable>
  <name>Profile</name>
  <powerpagecomponenttype>2</powerpagecomponenttype>
  <powerpagesiteid>
    <powerpagesiteid>8e775667-1468-44d6-9383-4088b0cbc5d7</powerpagesiteid>
  </powerpagesiteid>
  <searchcontent>ProfileProfile</searchcontent>
  <statecode>0</statecode>
  <statuscode>1</statuscode>
</powerpagecomponent>