<powerpagecomponent powerpagecomponentid="45085322-1a40-4459-9435-65724602908d">
  <content>{"enablerating":false,"enabletracking":false,"excludefromsearch":false,"hiddenfromsitemap":true,"isroot":true,"pagetemplateid":"12ffab20-a7b9-4c6f-a942-70de93b3a493","parentpageid":"ea3fef6d-98c3-416d-8c35-cdd23488011d","partialurl":"search","publishingstateid":"8fde6bcb-e262-4220-abad-cae59a5b1be3","sharedpageconfiguration":false}</content>
  <iscustomizable>1</iscustomizable>
  <name>Search</name>
  <powerpagecomponenttype>2</powerpagecomponenttype>
  <powerpagesiteid>
    <powerpagesiteid>8e775667-1468-44d6-9383-4088b0cbc5d7</powerpagesiteid>
  </powerpagesiteid>
  <searchcontent>Search</searchcontent>
  <statecode>0</statecode>
  <statuscode>1</statuscode>
</powerpagecomponent>