<powerpagecomponent powerpagecomponentid="e6405939-ef73-ef11-a670-000d3a5ca663">
  <content>{"adx_flowapiurl":"/_api/cloudflow/v1.0/trigger/0800a1cb-eb73-ef11-a670-000d3a5ca663","adx_flowtriggerurl":"https://usa002-004.azure-apihub.net:443/apim/logicflows/8AE9F2C1930B56365384034B67CEDDC0-1C4A67A18CC080EE/triggers/manual/run?api-version=2016-06-01","adx_metadata":"8ae9f2c1-930b-5636-5384-034b67ceddc0","adx_CloudFlowConsumer_adx_webrole":["cdcf2de1-6928-4bd6-8d55-beee3ee78abe"],"_adx_processid_value":"0800a1cb-eb73-ef11-a670-000d3a5ca663"}</content>
  <iscustomizable>1</iscustomizable>
  <name>Get your frog</name>
  <powerpagecomponenttype>33</powerpagecomponenttype>
  <powerpagesiteid>
    <powerpagesiteid>8e775667-1468-44d6-9383-4088b0cbc5d7</powerpagesiteid>
  </powerpagesiteid>
  <statecode>0</statecode>
  <statuscode>1</statuscode>
</powerpagecomponent>