<powerpagecomponent powerpagecomponentid="1115db63-ad46-4743-8ce7-e0c7ac2b408b">
  <content>{"filecontent":null,"display_name":"Mobile Header","type":756150001,"value":"&lt;!-- &lt;a href=\"~/\"&gt;{% if snippets['Logo URL'] %}&lt;img src=\"{{ snippets['Logo URL'] }}\" alt=\"{{ snippets['Logo alt text'] }}\" style=\"width: auto; height: 32px; margin: 0 10px;\"&gt;{% endif %}\n  {% if snippets['Site name'] %}&lt;h1 class=\"siteTitle custom-sitetitle\"&gt;{{ snippets['Site name'] }}&lt;/h1&gt;{% endif %}\n&lt;/a&gt;--&gt; ","copy":"undefined"}</content>
  <iscustomizable>1</iscustomizable>
  <name>Mobile Header</name>
  <powerpagecomponenttype>7</powerpagecomponenttype>
  <powerpagesiteid>
    <powerpagesiteid>8e775667-1468-44d6-9383-4088b0cbc5d7</powerpagesiteid>
  </powerpagesiteid>
  <powerpagesitelanguageid>
    <powerpagesitelanguageid>6a38405c-01a0-4377-b6db-af494758f438</powerpagesitelanguageid>
  </powerpagesitelanguageid>
  <statecode>0</statecode>
  <statuscode>1</statuscode>
</powerpagecomponent>