<ImportExportXml version="9.2.24112.220" SolutionPackageVersion="9.2" languagecode="1033" generatedBy="CrmLive" xmlns:xsi="http://www.w3.org/2001/XMLSchema-instance" OrganizationVersion="9.2.24112.220" OrganizationSchemaType="Standard" CRMServerServiceabilityVersion="9.2.24112.00220">
  <SolutionManifest>
    <UniqueName>MztapeSites</UniqueName>
    <LocalizedNames>
      <LocalizedName description="Mztape Sites" languagecode="1033" />
    </LocalizedNames>
    <Descriptions />
    <Version>1.0.0.2</Version>
    <Managed>1</Managed>
    <Publisher>
      <UniqueName>ModelCitizenDeveloper</UniqueName>
      <LocalizedNames>
        <LocalizedName description="Model Citizen Developer" languagecode="1033" />
      </LocalizedNames>
      <Descriptions />
      <EMailAddress xsi:nil="true"></EMailAddress>
      <SupportingWebsiteUrl xsi:nil="true"></SupportingWebsiteUrl>
      <CustomizationPrefix>mcdev</CustomizationPrefix>
      <CustomizationOptionValuePrefix>14687</CustomizationOptionValuePrefix>
      <Addresses>
        <Address>
          <AddressNumber>1</AddressNumber>
          <AddressTypeCode>1</AddressTypeCode>
          <City xsi:nil="true"></City>
          <County xsi:nil="true"></County>
          <Country xsi:nil="true"></Country>
          <Fax xsi:nil="true"></Fax>
          <FreightTermsCode xsi:nil="true"></FreightTermsCode>
          <ImportSequenceNumber xsi:nil="true"></ImportSequenceNumber>
          <Latitude xsi:nil="true"></Latitude>
          <Line1 xsi:nil="true"></Line1>
          <Line2 xsi:nil="true"></Line2>
          <Line3 xsi:nil="true"></Line3>
          <Longitude xsi:nil="true"></Longitude>
          <Name xsi:nil="true"></Name>
          <PostalCode xsi:nil="true"></PostalCode>
          <PostOfficeBox xsi:nil="true"></PostOfficeBox>
          <PrimaryContactName xsi:nil="true"></PrimaryContactName>
          <ShippingMethodCode>1</ShippingMethodCode>
          <StateOrProvince xsi:nil="true"></StateOrProvince>
          <Telephone1 xsi:nil="true"></Telephone1>
          <Telephone2 xsi:nil="true"></Telephone2>
          <Telephone3 xsi:nil="true"></Telephone3>
          <TimeZoneRuleVersionNumber xsi:nil="true"></TimeZoneRuleVersionNumber>
          <UPSZone xsi:nil="true"></UPSZone>
          <UTCOffset xsi:nil="true"></UTCOffset>
          <UTCConversionTimeZoneCode xsi:nil="true"></UTCConversionTimeZoneCode>
        </Address>
        <Address>
          <AddressNumber>2</AddressNumber>
          <AddressTypeCode>1</AddressTypeCode>
          <City xsi:nil="true"></City>
          <County xsi:nil="true"></County>
          <Country xsi:nil="true"></Country>
          <Fax xsi:nil="true"></Fax>
          <FreightTermsCode xsi:nil="true"></FreightTermsCode>
          <ImportSequenceNumber xsi:nil="true"></ImportSequenceNumber>
          <Latitude xsi:nil="true"></Latitude>
          <Line1 xsi:nil="true"></Line1>
          <Line2 xsi:nil="true"></Line2>
          <Line3 xsi:nil="true"></Line3>
          <Longitude xsi:nil="true"></Longitude>
          <Name xsi:nil="true"></Name>
          <PostalCode xsi:nil="true"></PostalCode>
          <PostOfficeBox xsi:nil="true"></PostOfficeBox>
          <PrimaryContactName xsi:nil="true"></PrimaryContactName>
          <ShippingMethodCode>1</ShippingMethodCode>
          <StateOrProvince xsi:nil="true"></StateOrProvince>
          <Telephone1 xsi:nil="true"></Telephone1>
          <Telephone2 xsi:nil="true"></Telephone2>
          <Telephone3 xsi:nil="true"></Telephone3>
          <TimeZoneRuleVersionNumber xsi:nil="true"></TimeZoneRuleVersionNumber>
          <UPSZone xsi:nil="true"></UPSZone>
          <UTCOffset xsi:nil="true"></UTCOffset>
          <UTCConversionTimeZoneCode xsi:nil="true"></UTCConversionTimeZoneCode>
        </Address>
      </Addresses>
    </Publisher>
    <RootComponents>
      <RootComponent type="1" schemaName="new_invoice" behavior="0" />
      <RootComponent type="1" schemaName="new_invoiceline" behavior="0" />
      <RootComponent type="1" schemaName="new_product" behavior="0" />
      <RootComponent type="1" schemaName="new_sku" behavior="0" />
    </RootComponents>
    <MissingDependencies>
      <MissingDependency>
        <Required type="1" schemaName="new_category" displayName="Category" solution="MztapeBaseLayer (1.0.0.4)" />
        <Dependent type="2" schemaName="new_productnumber" displayName="Destination Code" parentSchemaName="new_product" parentDisplayName="Destination" />
      </MissingDependency>
      <MissingDependency>
        <Required type="1" schemaName="new_category" displayName="Category" solution="MztapeBaseLayer (1.0.0.4)" />
        <Dependent type="26" schemaName="Active Destinations" displayName="Active Destinations" parentSchemaName="new_product" parentDisplayName="Destination" id="{bdbff5c1-4e1d-442b-8742-c4a0e65be91b}" />
      </MissingDependency>
      <MissingDependency>
        <Required type="1" schemaName="new_invoice" displayName="Trip" solution="MztapeBaseLayer (1.0.0.4)" />
        <Dependent type="1" schemaName="new_invoice" displayName="Trip" />
      </MissingDependency>
      <MissingDependency>
        <Required type="1" schemaName="new_invoiceline" displayName="Trip Stop" solution="MztapeBaseLayer (1.0.0.4)" />
        <Dependent type="1" schemaName="new_invoiceline" displayName="Trip Stop" />
      </MissingDependency>
      <MissingDependency>
        <Required type="1" schemaName="new_product" displayName="Destination" solution="MztapeBaseLayer (1.0.0.4)" />
        <Dependent type="1" schemaName="new_product" displayName="Destination" />
      </MissingDependency>
      <MissingDependency>
        <Required type="1" schemaName="new_productphoto" displayName="Destination Photo" solution="MztapeBaseLayer (1.0.0.4)" />
        <Dependent type="1" schemaName="new_product" displayName="Destination" />
      </MissingDependency>
      <MissingDependency>
        <Required type="1" schemaName="new_productphoto" displayName="Destination Photo" solution="MztapeBaseLayer (1.0.0.4)" />
        <Dependent type="60" displayName="Information" parentDisplayName="Destination" id="{82323569-2eaa-411e-8720-9dc3cd81c801}" />
      </MissingDependency>
      <MissingDependency>
        <Required type="1" schemaName="new_restock" displayName="Coupon Book" solution="MztapeBaseLayer (1.0.0.4)" />
        <Dependent type="1" schemaName="new_sku" displayName="Guest Activity" />
      </MissingDependency>
      <MissingDependency>
        <Required type="1" schemaName="new_restock" displayName="Coupon Book" solution="MztapeBaseLayer (1.0.0.4)" />
        <Dependent type="60" displayName="Information" parentDisplayName="Guest Activity" id="{e8e78ecc-6d84-4b4c-9453-c651706a42aa}" />
      </MissingDependency>
      <MissingDependency>
        <Required type="1" schemaName="new_size" displayName="Measurement" solution="MztapeBaseLayer (1.0.0.4)" />
        <Dependent type="1" schemaName="new_sku" displayName="Guest Activity" />
      </MissingDependency>
      <MissingDependency>
        <Required type="1" schemaName="new_size" displayName="Measurement" solution="MztapeBaseLayer (1.0.0.4)" />
        <Dependent type="60" displayName="Information" parentDisplayName="Guest Activity" id="{e8e78ecc-6d84-4b4c-9453-c651706a42aa}" />
      </MissingDependency>
      <MissingDependency>
        <Required type="1" schemaName="new_sku" displayName="Guest Activity" solution="MztapeBaseLayer (1.0.0.4)" />
        <Dependent type="1" schemaName="new_sku" displayName="Guest Activity" />
      </MissingDependency>
      <MissingDependency>
        <Required type="1" schemaName="new_style" displayName="Tag" solution="MztapeBaseLayer (1.0.0.4)" />
        <Dependent type="60" displayName="Information" parentDisplayName="Destination" id="{82323569-2eaa-411e-8720-9dc3cd81c801}" />
      </MissingDependency>
      <MissingDependency>
        <Required type="10" schemaName="new_ProductPhoto_new_Product_new_Product" displayName="new_ProductPhoto_new_Product_new_Product" parentSchemaName="new_product" parentDisplayName="Destination" solution="MztapeBaseLayer (1.0.0.4)" />
        <Dependent type="60" displayName="Information" parentDisplayName="Destination" id="{82323569-2eaa-411e-8720-9dc3cd81c801}" />
      </MissingDependency>
      <MissingDependency>
        <Required type="10" schemaName="new_Restock_new_SKU_new_SKU" displayName="new_Restock_new_SKU_new_SKU" parentSchemaName="new_sku" parentDisplayName="Guest Activity" solution="MztapeBaseLayer (1.0.0.4)" />
        <Dependent type="60" displayName="Information" parentDisplayName="Guest Activity" id="{e8e78ecc-6d84-4b4c-9453-c651706a42aa}" />
      </MissingDependency>
      <MissingDependency>
        <Required type="10" schemaName="new_Size_new_SKU_new_SKU" displayName="new_Size_new_SKU_new_SKU" parentSchemaName="new_sku" parentDisplayName="Guest Activity" solution="MztapeBaseLayer (1.0.0.4)" />
        <Dependent type="60" displayName="Information" parentDisplayName="Guest Activity" id="{e8e78ecc-6d84-4b4c-9453-c651706a42aa}" />
      </MissingDependency>
      <MissingDependency>
        <Required type="2" schemaName="new_categoryid" displayName="Category" parentSchemaName="new_category" parentDisplayName="Category" solution="MztapeBaseLayer (1.0.0.4)" />
        <Dependent type="2" schemaName="new_productnumber" displayName="Destination Code" parentSchemaName="new_product" parentDisplayName="Destination" />
      </MissingDependency>
      <MissingDependency>
        <Required type="2" schemaName="new_categoryid" displayName="Category" parentSchemaName="new_category" parentDisplayName="Category" solution="MztapeBaseLayer (1.0.0.4)" />
        <Dependent type="26" schemaName="Active Destinations" displayName="Active Destinations" parentSchemaName="new_product" parentDisplayName="Destination" id="{bdbff5c1-4e1d-442b-8742-c4a0e65be91b}" />
      </MissingDependency>
      <MissingDependency>
        <Required type="2" schemaName="new_name" displayName="Name" parentSchemaName="new_category" parentDisplayName="Category" solution="MztapeBaseLayer (1.0.0.4)" />
        <Dependent type="26" schemaName="Active Destinations" displayName="Active Destinations" parentSchemaName="new_product" parentDisplayName="Destination" id="{bdbff5c1-4e1d-442b-8742-c4a0e65be91b}" />
      </MissingDependency>
      <MissingDependency>
        <Required type="2" schemaName="new_prefix" displayName="Prefix" parentSchemaName="new_category" parentDisplayName="Category" solution="MztapeBaseLayer (1.0.0.4)" />
        <Dependent type="2" schemaName="new_productnumber" displayName="Destination Code" parentSchemaName="new_product" parentDisplayName="Destination" />
      </MissingDependency>
      <MissingDependency>
        <Required type="26" schemaName="Inactive Categories" displayName="Inactive Categories" parentSchemaName="new_category" parentDisplayName="Category" solution="MztapeBaseLayer (1.0.0.4)" id="{24b6a02e-c3b7-4070-8e2e-ca9b542b6040}" />
        <Dependent type="60" displayName="Information" parentDisplayName="Destination" id="{82323569-2eaa-411e-8720-9dc3cd81c801}" />
      </MissingDependency>
      <MissingDependency>
        <Required type="26" schemaName="Active Tags" displayName="Active Tags" parentSchemaName="new_style" parentDisplayName="Tag" solution="MztapeBaseLayer (1.0.0.4)" id="{27675ce7-425e-47e5-8233-50c8c5484466}" />
        <Dependent type="60" displayName="Information" parentDisplayName="Destination" id="{82323569-2eaa-411e-8720-9dc3cd81c801}" />
      </MissingDependency>
      <MissingDependency>
        <Required type="26" schemaName="Category Lookup View" displayName="Category Lookup View" parentSchemaName="new_category" parentDisplayName="Category" solution="MztapeBaseLayer (1.0.0.4)" id="{2d704efe-de4a-4a92-9c82-80e5465558e5}" />
        <Dependent type="60" displayName="Information" parentDisplayName="Destination" id="{82323569-2eaa-411e-8720-9dc3cd81c801}" />
      </MissingDependency>
      <MissingDependency>
        <Required type="26" schemaName="Active Categories" displayName="Active Categories" parentSchemaName="new_category" parentDisplayName="Category" solution="MztapeBaseLayer (1.0.0.4)" id="{2f415192-6b49-423d-9f84-5553dec422d9}" />
        <Dependent type="60" displayName="Information" parentDisplayName="Destination" id="{82323569-2eaa-411e-8720-9dc3cd81c801}" />
      </MissingDependency>
      <MissingDependency>
        <Required type="26" schemaName="Active Coupon Books" displayName="Active Coupon Books" parentSchemaName="new_restock" parentDisplayName="Coupon Book" solution="MztapeBaseLayer (1.0.0.4)" id="{3ca9645f-7c7a-42f3-b605-4e0bd9bb1747}" />
        <Dependent type="60" displayName="Information" parentDisplayName="Guest Activity" id="{e8e78ecc-6d84-4b4c-9453-c651706a42aa}" />
      </MissingDependency>
      <MissingDependency>
        <Required type="26" schemaName="Active Destination Photos" displayName="Active Destination Photos" parentSchemaName="new_productphoto" parentDisplayName="Destination Photo" solution="MztapeBaseLayer (1.0.0.4)" id="{d5c6b3da-f4f8-45a7-9975-5fedbf7d9b4b}" />
        <Dependent type="60" displayName="Information" parentDisplayName="Destination" id="{82323569-2eaa-411e-8720-9dc3cd81c801}" />
      </MissingDependency>
      <MissingDependency>
        <Required type="26" schemaName="Active Sizes" displayName="Active Sizes" parentSchemaName="new_size" parentDisplayName="Measurement" solution="MztapeBaseLayer (1.0.0.4)" id="{deca488b-78a8-4a80-9599-b9fd86b377e8}" />
        <Dependent type="60" displayName="Information" parentDisplayName="Guest Activity" id="{e8e78ecc-6d84-4b4c-9453-c651706a42aa}" />
      </MissingDependency>
      <MissingDependency>
        <Required type="9" schemaName="mcdev_new_invoice_mcdev_ismztape" displayName="isMztape" solution="MztapeBaseLayer (1.0.0.4)" />
        <Dependent type="9" schemaName="mcdev_new_invoice_mcdev_ismztape" displayName="isMztape" />
      </MissingDependency>
      <MissingDependency>
        <Required type="9" schemaName="mcdev_new_invoiceline_mcdev_usereditable" displayName="User Editable" solution="MztapeBaseLayer (1.0.0.4)" />
        <Dependent type="9" schemaName="mcdev_new_invoiceline_mcdev_usereditable" displayName="User Editable" />
      </MissingDependency>
      <MissingDependency>
        <Required type="9" schemaName="mcdev_new_sku_mcdev_usereditable" displayName="User Editable" solution="MztapeBaseLayer (1.0.0.4)" />
        <Dependent type="9" schemaName="mcdev_new_sku_mcdev_usereditable" displayName="User Editable" />
      </MissingDependency>
      <MissingDependency>
        <Required type="9" schemaName="new_invoice_new_paid" displayName="Paid" solution="MztapeBaseLayer (1.0.0.4)" />
        <Dependent type="9" schemaName="new_invoice_new_paid" displayName="Paid" />
      </MissingDependency>
      <MissingDependency>
        <Required type="9" schemaName="new_invoice_statecode" displayName="Status" solution="MztapeBaseLayer (1.0.0.4)" />
        <Dependent type="9" schemaName="new_invoice_statecode" displayName="Status" />
      </MissingDependency>
      <MissingDependency>
        <Required type="9" schemaName="new_invoice_statuscode" displayName="Status Reason" solution="MztapeBaseLayer (1.0.0.4)" />
        <Dependent type="9" schemaName="new_invoice_statuscode" displayName="Status Reason" />
      </MissingDependency>
      <MissingDependency>
        <Required type="9" schemaName="new_invoiceline_statecode" displayName="Status" solution="MztapeBaseLayer (1.0.0.4)" />
        <Dependent type="9" schemaName="new_invoiceline_statecode" displayName="Status" />
      </MissingDependency>
      <MissingDependency>
        <Required type="9" schemaName="new_invoiceline_statuscode" displayName="Status Reason" solution="MztapeBaseLayer (1.0.0.4)" />
        <Dependent type="9" schemaName="new_invoiceline_statuscode" displayName="Status Reason" />
      </MissingDependency>
      <MissingDependency>
        <Required type="9" schemaName="new_product_statecode" displayName="Status" solution="MztapeBaseLayer (1.0.0.4)" />
        <Dependent type="9" schemaName="new_product_statecode" displayName="Status" />
      </MissingDependency>
      <MissingDependency>
        <Required type="9" schemaName="new_product_statuscode" displayName="Status Reason" solution="MztapeBaseLayer (1.0.0.4)" />
        <Dependent type="9" schemaName="new_product_statuscode" displayName="Status Reason" />
      </MissingDependency>
      <MissingDependency>
        <Required type="9" schemaName="new_sku_new_sendnotification" displayName="SendNotification" solution="MztapeBaseLayer (1.0.0.4)" />
        <Dependent type="9" schemaName="new_sku_new_sendnotification" displayName="SendNotification" />
      </MissingDependency>
      <MissingDependency>
        <Required type="9" schemaName="new_sku_statecode" displayName="Status" solution="MztapeBaseLayer (1.0.0.4)" />
        <Dependent type="9" schemaName="new_sku_statecode" displayName="Status" />
      </MissingDependency>
      <MissingDependency>
        <Required type="9" schemaName="new_sku_statuscode" displayName="Status Reason" solution="MztapeBaseLayer (1.0.0.4)" />
        <Dependent type="9" schemaName="new_sku_statuscode" displayName="Status Reason" />
      </MissingDependency>
    </MissingDependencies>
  </SolutionManifest>
</ImportExportXml>