<powerpagecomponent powerpagecomponentid="dcb84cfe-bc58-210b-d9a9-e67fcdfcd8f2">
  <content>{
  "filecontent": null,
  "webpageid": "f501b50a-48bc-95e6-7118-a69560173e7f",
  "right": 2,
  "scope": 1,
  "adx_webpageaccesscontrolrule_webrole": [
    "e039b3c9-74d8-4cc5-8354-71fb2abe3140"
  ],
  "copy": "undefined"
}</content>
  <iscustomizable>1</iscustomizable>
  <name>Restrict Read on QR Card Generator</name>
  <powerpagecomponenttype>10</powerpagecomponenttype>
  <powerpagesiteid>
    <powerpagesiteid>8e775667-1468-44d6-9383-4088b0cbc5d7</powerpagesiteid>
  </powerpagesiteid>
  <statecode>0</statecode>
  <statuscode>1</statuscode>
</powerpagecomponent>