<powerpagecomponent powerpagecomponentid="fb1f9252-8c52-d061-eae0-36fa4be461f4">
  <content>{
  "displayorder": 3,
  "weblinksetid": "45fd0e92-fcb5-4f24-b44f-08f22ca76c80",
  "pageid": "759d5913-5269-fc9b-3049-6fd9e6d50512",
  "publishingstateid": "8fde6bcb-e262-4220-abad-cae59a5b1be3",
  "displaypagevalidation": false,
  "displayimageonly": false,
  "displaypagechildlinks": false,
  "openinnewwindow": false,
  "robotsfollowlink": true,
  "copy": "undefined"
}</content>
  <iscustomizable>1</iscustomizable>
  <name>temp</name>
  <powerpagecomponenttype>5</powerpagecomponenttype>
  <powerpagesiteid>
    <powerpagesiteid>8e775667-1468-44d6-9383-4088b0cbc5d7</powerpagesiteid>
  </powerpagesiteid>
  <statecode>1</statecode>
  <statuscode>2</statuscode>
</powerpagecomponent>