<powerpagecomponent powerpagecomponentid="46565cf7-75ea-48c9-b7ef-6e369b3e1d3f">
  <content>{"displayorder":2,"enabletracking":false,"excludefromsearch":true,"hiddenfromsitemap":false,"parentpageid":"ea3fef6d-98c3-416d-8c35-cdd23488011d","partialurl":"theme.css","publishingstateid":"8fde6bcb-e262-4220-abad-cae59a5b1be3"}</content>
  <filecontent mimetype="application/octet-stream">theme.css</filecontent>
  <iscustomizable>1</iscustomizable>
  <name>theme.css</name>
  <powerpagecomponenttype>3</powerpagecomponenttype>
  <powerpagesiteid>
    <powerpagesiteid>8e775667-1468-44d6-9383-4088b0cbc5d7</powerpagesiteid>
  </powerpagesiteid>
  <statecode>0</statecode>
  <statuscode>1</statuscode>
</powerpagecomponent>