<powerpagecomponent powerpagecomponentid="1ae1f079-dd90-ef11-ac21-000d3a340320">
  <content>{
  "source": "{% manifest %}\r\n{\r\n  \"type\": \"component\",\r\n  \"displayName\": \"Maps\",\r\n  \"description\": \"Embed a Google Map\",\r\n  \"parameters\": {\r\n    \"latitude\": {\r\n      \"type\": \"string\",\r\n      \"displayName\": \"Latitude\",\r\n      \"description\": \"The latitude of the location to display on the map\"\r\n    },\r\n    \"longitude\": {\r\n      \"type\": \"string\",\r\n      \"displayName\": \"Longitude\",\r\n      \"description\": \"The longitude of the location to display on the map\"\r\n    },\r\n    \"zoom\": {\r\n      \"type\": \"string\",\r\n      \"displayName\": \"Zoom Level\",\r\n      \"description\": \"The zoom level of the map\",\r\n      \"default\": \"10\"\r\n    }\r\n  }\r\n}\r\n{% endmanifest %}\r\n&lt;br&gt;You made it to the maps template! {{ latitude }} {{ longitude }} {{ zoom }}&lt;/br&gt;\r\n\r\n&lt;div id=\"map\" style=\"height: 400px; width: 100%;\"&gt;&lt;/div&gt;\r\n&lt;script&gt;\r\n  function initMap() {\r\n    var latitude = parseFloat('{{ latitude }}');\r\n    var longitude = parseFloat('{{ longitude }}');\r\n    var zoom = parseInt('{{ zoom }}', 10);\r\n\r\n    console.log(\"Latitude:\", latitude);\r\n    console.log(\"Longitude:\", longitude);\r\n    console.log(\"Zoom Level:\", zoom);\r\n\r\n    var location = { lat: latitude, lng: longitude };\r\n    var map = new google.maps.Map(document.getElementById('map'), {\r\n      zoom: zoom,\r\n      center: location\r\n    });\r\n    var marker = new google.maps.Marker({\r\n      position: location,\r\n      map: map\r\n    });\r\n  }\r\n&lt;/script&gt;\r\n&lt;script async defer src=\"https://maps.googleapis.com/maps/api/js?key=AIzaSyCdfJtQdIcasrCBK1N4puKIqp856MbLN6w&amp;callback=initMap\"&gt;&lt;/script&gt;"
}</content>
  <iscustomizable>1</iscustomizable>
  <name>Google Maps</name>
  <powerpagecomponenttype>8</powerpagecomponenttype>
  <powerpagesiteid>
    <powerpagesiteid>8e775667-1468-44d6-9383-4088b0cbc5d7</powerpagesiteid>
  </powerpagesiteid>
  <statecode>0</statecode>
  <statuscode>1</statuscode>
</powerpagecomponent>