<powerpagecomponent powerpagecomponentid="c7a27f6d-d76b-07fe-7dea-a61b1bd8484a">
  <content>{
  "displayorder": 4,
  "customcss": "",
  "customjavascript": "",
  "pagetemplateid": "aecde27e-492f-4417-9d62-ce63f22cf6d4",
  "parentpageid": "ea3fef6d-98c3-416d-8c35-cdd23488011d",
  "partialurl": "videotest",
  "isroot": true,
  "title": "videotest",
  "summary": "&lt;p&gt;This is a sample landing page designed to be a starting point for your website&lt;/p&gt;",
  "copy": "",
  "publishingstateid": "8fde6bcb-e262-4220-abad-cae59a5b1be3",
  "enablerating": false,
  "enabletracking": false,
  "excludefromsearch": false,
  "hiddenfromsitemap": true,
  "sharedpageconfiguration": false
}</content>
  <iscustomizable>1</iscustomizable>
  <name>videotest</name>
  <powerpagecomponenttype>2</powerpagecomponenttype>
  <powerpagesiteid>
    <powerpagesiteid>8e775667-1468-44d6-9383-4088b0cbc5d7</powerpagesiteid>
  </powerpagesiteid>
  <searchcontent>videotestvideotest</searchcontent>
  <statecode>0</statecode>
  <statuscode>1</statuscode>
</powerpagecomponent>