<ImportExportXml version="9.2.24113.218" SolutionPackageVersion="9.2" languagecode="1033" generatedBy="CrmLive" xmlns:xsi="http://www.w3.org/2001/XMLSchema-instance" OrganizationVersion="9.2.24113.218" OrganizationSchemaType="Standard" CRMServerServiceabilityVersion="9.2.24113.00218">
  <SolutionManifest>
    <UniqueName>MztapeApps</UniqueName>
    <LocalizedNames>
      <LocalizedName description="Mztape Apps" languagecode="1033" />
    </LocalizedNames>
    <Descriptions />
    <Version>1.0.2.5</Version>
    <Managed>1</Managed>
    <Publisher>
      <UniqueName>ModelCitizenDeveloper</UniqueName>
      <LocalizedNames>
        <LocalizedName description="Model Citizen Developer" languagecode="1033" />
      </LocalizedNames>
      <Descriptions />
      <EMailAddress xsi:nil="true"></EMailAddress>
      <SupportingWebsiteUrl xsi:nil="true"></SupportingWebsiteUrl>
      <CustomizationPrefix>mcdev</CustomizationPrefix>
      <CustomizationOptionValuePrefix>14687</CustomizationOptionValuePrefix>
      <Addresses>
        <Address>
          <AddressNumber>1</AddressNumber>
          <AddressTypeCode>1</AddressTypeCode>
          <City xsi:nil="true"></City>
          <County xsi:nil="true"></County>
          <Country xsi:nil="true"></Country>
          <Fax xsi:nil="true"></Fax>
          <FreightTermsCode xsi:nil="true"></FreightTermsCode>
          <ImportSequenceNumber xsi:nil="true"></ImportSequenceNumber>
          <Latitude xsi:nil="true"></Latitude>
          <Line1 xsi:nil="true"></Line1>
          <Line2 xsi:nil="true"></Line2>
          <Line3 xsi:nil="true"></Line3>
          <Longitude xsi:nil="true"></Longitude>
          <Name xsi:nil="true"></Name>
          <PostalCode xsi:nil="true"></PostalCode>
          <PostOfficeBox xsi:nil="true"></PostOfficeBox>
          <PrimaryContactName xsi:nil="true"></PrimaryContactName>
          <ShippingMethodCode>1</ShippingMethodCode>
          <StateOrProvince xsi:nil="true"></StateOrProvince>
          <Telephone1 xsi:nil="true"></Telephone1>
          <Telephone2 xsi:nil="true"></Telephone2>
          <Telephone3 xsi:nil="true"></Telephone3>
          <TimeZoneRuleVersionNumber xsi:nil="true"></TimeZoneRuleVersionNumber>
          <UPSZone xsi:nil="true"></UPSZone>
          <UTCOffset xsi:nil="true"></UTCOffset>
          <UTCConversionTimeZoneCode xsi:nil="true"></UTCConversionTimeZoneCode>
        </Address>
        <Address>
          <AddressNumber>2</AddressNumber>
          <AddressTypeCode>1</AddressTypeCode>
          <City xsi:nil="true"></City>
          <County xsi:nil="true"></County>
          <Country xsi:nil="true"></Country>
          <Fax xsi:nil="true"></Fax>
          <FreightTermsCode xsi:nil="true"></FreightTermsCode>
          <ImportSequenceNumber xsi:nil="true"></ImportSequenceNumber>
          <Latitude xsi:nil="true"></Latitude>
          <Line1 xsi:nil="true"></Line1>
          <Line2 xsi:nil="true"></Line2>
          <Line3 xsi:nil="true"></Line3>
          <Longitude xsi:nil="true"></Longitude>
          <Name xsi:nil="true"></Name>
          <PostalCode xsi:nil="true"></PostalCode>
          <PostOfficeBox xsi:nil="true"></PostOfficeBox>
          <PrimaryContactName xsi:nil="true"></PrimaryContactName>
          <ShippingMethodCode>1</ShippingMethodCode>
          <StateOrProvince xsi:nil="true"></StateOrProvince>
          <Telephone1 xsi:nil="true"></Telephone1>
          <Telephone2 xsi:nil="true"></Telephone2>
          <Telephone3 xsi:nil="true"></Telephone3>
          <TimeZoneRuleVersionNumber xsi:nil="true"></TimeZoneRuleVersionNumber>
          <UPSZone xsi:nil="true"></UPSZone>
          <UTCOffset xsi:nil="true"></UTCOffset>
          <UTCConversionTimeZoneCode xsi:nil="true"></UTCConversionTimeZoneCode>
        </Address>
      </Addresses>
    </Publisher>
    <RootComponents>
      <RootComponent type="29" id="{06fd1b50-695b-ef11-bfe2-000d3a5a233e}" behavior="0" />
      <RootComponent type="29" id="{07a86f0b-0b67-ef11-bfe2-000d3a5ca663}" behavior="0" />
      <RootComponent type="29" id="{0800a1cb-eb73-ef11-a670-000d3a5ca663}" behavior="0" />
      <RootComponent type="29" id="{0b40cd8a-696a-ef11-a670-000d3a5ca663}" behavior="0" />
      <RootComponent type="29" id="{1f99fbd3-2773-ef11-a670-000d3a5ca663}" behavior="0" />
      <RootComponent type="29" id="{24c143d0-3996-ef11-8a6a-000d3a340320}" behavior="0" />
      <RootComponent type="29" id="{24c2af27-213e-ef11-8409-0022480a7409}" behavior="0" />
      <RootComponent type="29" id="{2e4dc683-024a-ef11-a316-000d3a33b902}" behavior="0" />
      <RootComponent type="29" id="{2e9c4ed5-833d-ef11-8409-0022480a7409}" behavior="0" />
      <RootComponent type="29" id="{327053f7-7465-ef11-bfe2-000d3a5ca663}" behavior="0" />
      <RootComponent type="29" id="{361f9db2-b63d-ef11-8409-0022480a7409}" behavior="0" />
      <RootComponent type="29" id="{3b59f799-5274-ef11-a670-000d3a5ca663}" behavior="0" />
      <RootComponent type="29" id="{3be83629-b967-ef11-bfe2-000d3a5ca663}" behavior="0" />
      <RootComponent type="29" id="{457d0ebc-535b-ef11-bfe2-000d3a5a233e}" behavior="0" />
      <RootComponent type="29" id="{485bb4b7-395b-ef11-bfe2-000d3a5a233e}" behavior="0" />
      <RootComponent type="29" id="{5bbc8a4f-4c5f-ef11-bfe3-000d3a5a233e}" behavior="0" />
      <RootComponent type="29" id="{5ce15dbe-546d-ef11-a670-000d3a5ca663}" behavior="0" />
      <RootComponent type="29" id="{60516d7b-bc3c-ef11-8409-0022480a7409}" behavior="0" />
      <RootComponent type="29" id="{62449676-7139-ef11-8409-0022480a7409}" behavior="0" />
      <RootComponent type="29" id="{6eaa10f5-0b3e-ef11-8409-0022480a7409}" behavior="0" />
      <RootComponent type="29" id="{725e79c9-7365-ef11-bfe2-000d3a5ca663}" behavior="0" />
      <RootComponent type="29" id="{72812548-4c32-ef11-8409-0022480a7409}" behavior="0" />
      <RootComponent type="29" id="{72cbe093-6011-ef11-9f89-6045bd07237d}" behavior="0" />
      <RootComponent type="29" id="{735e79c9-7365-ef11-bfe2-000d3a5ca663}" behavior="0" />
      <RootComponent type="29" id="{745e79c9-7365-ef11-bfe2-000d3a5ca663}" behavior="0" />
      <RootComponent type="29" id="{ae2b3b13-385f-ef11-bfe3-000d3a5a233e}" behavior="0" />
      <RootComponent type="29" id="{b93ae6de-3466-ef11-bfe2-000d3a5ca663}" behavior="0" />
      <RootComponent type="29" id="{ba3ae6de-3466-ef11-bfe2-000d3a5ca663}" behavior="0" />
      <RootComponent type="29" id="{bbc5509b-143e-ef11-8409-0022480a7409}" behavior="0" />
      <RootComponent type="29" id="{e08349bd-be9b-ef11-8a6a-000d3a340320}" behavior="0" />
      <RootComponent type="29" id="{e7e74d90-ea12-ef11-9f89-000d3a5ce87e}" behavior="0" />
      <RootComponent type="29" id="{f16074fd-265f-ef11-bfe3-000d3a5a233e}" behavior="0" />
      <RootComponent type="29" id="{fa2b1aff-4012-ef11-9f89-6045bd07237d}" behavior="0" />
      <RootComponent type="300" schemaName="mcdev_businesscardgenerator_4902c" behavior="0" />
      <RootComponent type="300" schemaName="mcdev_mztdemo_05b6d" behavior="0" />
      <RootComponent type="300" schemaName="new_solestylestore_80949" behavior="0" />
    </RootComponents>
    <MissingDependencies>
      <MissingDependency>
        <Required type="1" schemaName="mcdev_brand" displayName="Brand" solution="MztapeBaseLayer (1.0.0.8)" />
        <Dependent type="29" displayName="Upsert card backs" id="{2e4dc683-024a-ef11-a316-000d3a33b902}" />
      </MissingDependency>
      <MissingDependency>
        <Required type="1" schemaName="mcdev_brand" displayName="Brand" solution="MztapeBaseLayer (1.0.0.8)" />
        <Dependent type="300" schemaName="mcdev_businesscardgenerator_4902c" displayName="Business Card Generator" />
      </MissingDependency>
      <MissingDependency>
        <Required type="1" schemaName="mcdev_card" displayName="Mztape Card" solution="MztapeBaseLayer (1.0.0.8)" />
        <Dependent type="29" displayName="Slap on new QR Codes for a given Card" id="{06fd1b50-695b-ef11-bfe2-000d3a5a233e}" />
      </MissingDependency>
      <MissingDependency>
        <Required type="1" schemaName="mcdev_card" displayName="Mztape Card" solution="MztapeBaseLayer (1.0.0.8)" />
        <Dependent type="29" displayName="Slap on new QR Codes" id="{07a86f0b-0b67-ef11-bfe2-000d3a5ca663}" />
      </MissingDependency>
      <MissingDependency>
        <Required type="1" schemaName="mcdev_card" displayName="Mztape Card" solution="MztapeBaseLayer (1.0.0.8)" />
        <Dependent type="29" displayName="Create a single Trip for MztapeCard" id="{1f99fbd3-2773-ef11-a670-000d3a5ca663}" />
      </MissingDependency>
      <MissingDependency>
        <Required type="1" schemaName="mcdev_card" displayName="Mztape Card" solution="MztapeBaseLayer (1.0.0.8)" />
        <Dependent type="29" displayName="Upsert card backs" id="{2e4dc683-024a-ef11-a316-000d3a33b902}" />
      </MissingDependency>
      <MissingDependency>
        <Required type="1" schemaName="mcdev_card" displayName="Mztape Card" solution="MztapeBaseLayer (1.0.0.8)" />
        <Dependent type="29" displayName="Process an Animal Card Page" id="{3b59f799-5274-ef11-a670-000d3a5ca663}" />
      </MissingDependency>
      <MissingDependency>
        <Required type="1" schemaName="mcdev_card" displayName="Mztape Card" solution="MztapeBaseLayer (1.0.0.8)" />
        <Dependent type="29" displayName="Create a sheet of Trips for MztapeCard" id="{485bb4b7-395b-ef11-bfe2-000d3a5a233e}" />
      </MissingDependency>
      <MissingDependency>
        <Required type="1" schemaName="mcdev_card" displayName="Mztape Card" solution="MztapeBaseLayer (1.0.0.8)" />
        <Dependent type="29" displayName="Slap on new QR Codes for Animal Card" id="{5ce15dbe-546d-ef11-a670-000d3a5ca663}" />
      </MissingDependency>
      <MissingDependency>
        <Required type="1" schemaName="mcdev_card" displayName="Mztape Card" solution="MztapeBaseLayer (1.0.0.8)" />
        <Dependent type="29" displayName="Generate a Deck of Cards with Fixed QR Codes" id="{ae2b3b13-385f-ef11-bfe3-000d3a5a233e}" />
      </MissingDependency>
      <MissingDependency>
        <Required type="1" schemaName="mcdev_card" displayName="Mztape Card" solution="MztapeBaseLayer (1.0.0.8)" />
        <Dependent type="300" schemaName="mcdev_businesscardgenerator_4902c" displayName="Business Card Generator" />
      </MissingDependency>
      <MissingDependency>
        <Required type="1" schemaName="mcdev_cardborder" displayName="Card Border" solution="MztapeBaseLayer (1.0.0.8)" />
        <Dependent type="300" schemaName="mcdev_businesscardgenerator_4902c" displayName="Business Card Generator" />
      </MissingDependency>
      <MissingDependency>
        <Required type="1" schemaName="mcdev_deck" displayName="Deck" solution="MztapeBaseLayer (1.0.0.8)" />
        <Dependent type="29" displayName="Upsert card backs" id="{2e4dc683-024a-ef11-a316-000d3a33b902}" />
      </MissingDependency>
      <MissingDependency>
        <Required type="1" schemaName="mcdev_deck" displayName="Deck" solution="MztapeBaseLayer (1.0.0.8)" />
        <Dependent type="29" displayName="Generate Cards for a Deck" id="{2e9c4ed5-833d-ef11-8409-0022480a7409}" />
      </MissingDependency>
      <MissingDependency>
        <Required type="1" schemaName="mcdev_deck" displayName="Deck" solution="MztapeBaseLayer (1.0.0.8)" />
        <Dependent type="29" displayName="Generate a print-ready PDF from a Deck" id="{62449676-7139-ef11-8409-0022480a7409}" />
      </MissingDependency>
      <MissingDependency>
        <Required type="1" schemaName="mcdev_deck" displayName="Deck" solution="MztapeBaseLayer (1.0.0.8)" />
        <Dependent type="29" displayName="Generate a Deck of Cards with Fixed QR Codes" id="{ae2b3b13-385f-ef11-bfe3-000d3a5a233e}" />
      </MissingDependency>
      <MissingDependency>
        <Required type="1" schemaName="mcdev_deck" displayName="Deck" solution="MztapeBaseLayer (1.0.0.8)" />
        <Dependent type="300" schemaName="mcdev_businesscardgenerator_4902c" displayName="Business Card Generator" />
      </MissingDependency>
      <MissingDependency>
        <Required type="1" schemaName="mcdev_illustration" displayName="Illustration" solution="MztapeBaseLayer (1.0.0.8)" />
        <Dependent type="300" schemaName="mcdev_businesscardgenerator_4902c" displayName="Business Card Generator" />
      </MissingDependency>
      <MissingDependency>
        <Required type="1" schemaName="new_category" displayName="Category" solution="MztapeBaseLayer (1.0.0.8)" />
        <Dependent type="300" schemaName="mcdev_businesscardgenerator_4902c" displayName="Business Card Generator" />
      </MissingDependency>
      <MissingDependency>
        <Required type="1" schemaName="new_category" displayName="Category" solution="MztapeBaseLayer (1.0.0.8)" />
        <Dependent type="300" schemaName="new_solestylestore_80949" displayName="Convention City App" />
      </MissingDependency>
      <MissingDependency>
        <Required type="1" schemaName="new_color" displayName="Persona" solution="MztapeBaseLayer (1.0.0.8)" />
        <Dependent type="29" displayName="Process new trip" id="{fa2b1aff-4012-ef11-9f89-6045bd07237d}" />
      </MissingDependency>
      <MissingDependency>
        <Required type="1" schemaName="new_color" displayName="Persona" solution="MztapeBaseLayer (1.0.0.8)" />
        <Dependent type="300" schemaName="new_solestylestore_80949" displayName="Convention City App" />
      </MissingDependency>
      <MissingDependency>
        <Required type="1" schemaName="new_invoice" displayName="Trip" solution="MztapeBaseLayer (1.0.0.8)" />
        <Dependent type="29" displayName="Slap on new QR Codes" id="{07a86f0b-0b67-ef11-bfe2-000d3a5ca663}" />
      </MissingDependency>
      <MissingDependency>
        <Required type="1" schemaName="new_invoice" displayName="Trip" solution="MztapeBaseLayer (1.0.0.8)" />
        <Dependent type="29" displayName="Get your frog" id="{0800a1cb-eb73-ef11-a670-000d3a5ca663}" />
      </MissingDependency>
      <MissingDependency>
        <Required type="1" schemaName="new_invoice" displayName="Trip" solution="MztapeBaseLayer (1.0.0.8)" />
        <Dependent type="29" displayName="Create a single Trip for MztapeCard" id="{1f99fbd3-2773-ef11-a670-000d3a5ca663}" />
      </MissingDependency>
      <MissingDependency>
        <Required type="1" schemaName="new_invoice" displayName="Trip" solution="MztapeBaseLayer (1.0.0.8)" />
        <Dependent type="29" displayName="Generate Cards for a Deck" id="{2e9c4ed5-833d-ef11-8409-0022480a7409}" />
      </MissingDependency>
      <MissingDependency>
        <Required type="1" schemaName="new_invoice" displayName="Trip" solution="MztapeBaseLayer (1.0.0.8)" />
        <Dependent type="29" displayName="mzt Generate URL and key for a Trip" id="{3be83629-b967-ef11-bfe2-000d3a5ca663}" />
      </MissingDependency>
      <MissingDependency>
        <Required type="1" schemaName="new_invoice" displayName="Trip" solution="MztapeBaseLayer (1.0.0.8)" />
        <Dependent type="29" displayName="Create a sheet of Trips for MztapeCard" id="{485bb4b7-395b-ef11-bfe2-000d3a5a233e}" />
      </MissingDependency>
      <MissingDependency>
        <Required type="1" schemaName="new_invoice" displayName="Trip" solution="MztapeBaseLayer (1.0.0.8)" />
        <Dependent type="29" displayName="Generate a print-ready PDF from a Deck" id="{62449676-7139-ef11-8409-0022480a7409}" />
      </MissingDependency>
      <MissingDependency>
        <Required type="1" schemaName="new_invoice" displayName="Trip" solution="MztapeBaseLayer (1.0.0.8)" />
        <Dependent type="29" displayName="Generate QR Code for a Trip" id="{e7e74d90-ea12-ef11-9f89-000d3a5ce87e}" />
      </MissingDependency>
      <MissingDependency>
        <Required type="1" schemaName="new_invoice" displayName="Trip" solution="MztapeBaseLayer (1.0.0.8)" />
        <Dependent type="29" displayName="Process new trip" id="{fa2b1aff-4012-ef11-9f89-6045bd07237d}" />
      </MissingDependency>
      <MissingDependency>
        <Required type="1" schemaName="new_invoice" displayName="Trip" solution="MztapeBaseLayer (1.0.0.8)" />
        <Dependent type="300" schemaName="mcdev_businesscardgenerator_4902c" displayName="Business Card Generator" />
      </MissingDependency>
      <MissingDependency>
        <Required type="1" schemaName="new_invoice" displayName="Trip" solution="MztapeBaseLayer (1.0.0.8)" />
        <Dependent type="300" schemaName="new_solestylestore_80949" displayName="Convention City App" />
      </MissingDependency>
      <MissingDependency>
        <Required type="1" schemaName="new_invoiceline" displayName="Trip Stop" solution="MztapeBaseLayer (1.0.0.8)" />
        <Dependent type="29" displayName="Create a single Trip for MztapeCard" id="{1f99fbd3-2773-ef11-a670-000d3a5ca663}" />
      </MissingDependency>
      <MissingDependency>
        <Required type="1" schemaName="new_invoiceline" displayName="Trip Stop" solution="MztapeBaseLayer (1.0.0.8)" />
        <Dependent type="29" displayName="Process an Animal Card Page" id="{3b59f799-5274-ef11-a670-000d3a5ca663}" />
      </MissingDependency>
      <MissingDependency>
        <Required type="1" schemaName="new_invoiceline" displayName="Trip Stop" solution="MztapeBaseLayer (1.0.0.8)" />
        <Dependent type="29" displayName="Create a sheet of Trips for MztapeCard" id="{485bb4b7-395b-ef11-bfe2-000d3a5a233e}" />
      </MissingDependency>
      <MissingDependency>
        <Required type="1" schemaName="new_invoiceline" displayName="Trip Stop" solution="MztapeBaseLayer (1.0.0.8)" />
        <Dependent type="29" displayName="Process new trip" id="{fa2b1aff-4012-ef11-9f89-6045bd07237d}" />
      </MissingDependency>
      <MissingDependency>
        <Required type="1" schemaName="new_invoiceline" displayName="Trip Stop" solution="MztapeBaseLayer (1.0.0.8)" />
        <Dependent type="300" schemaName="new_solestylestore_80949" displayName="Convention City App" />
      </MissingDependency>
      <MissingDependency>
        <Required type="1" schemaName="new_product" displayName="Destination" solution="MztapeBaseLayer (1.0.0.8)" />
        <Dependent type="29" displayName="Process new trip" id="{fa2b1aff-4012-ef11-9f89-6045bd07237d}" />
      </MissingDependency>
      <MissingDependency>
        <Required type="1" schemaName="new_product" displayName="Destination" solution="MztapeBaseLayer (1.0.0.8)" />
        <Dependent type="300" schemaName="mcdev_businesscardgenerator_4902c" displayName="Business Card Generator" />
      </MissingDependency>
      <MissingDependency>
        <Required type="1" schemaName="new_product" displayName="Destination" solution="MztapeBaseLayer (1.0.0.8)" />
        <Dependent type="300" schemaName="new_solestylestore_80949" displayName="Convention City App" />
      </MissingDependency>
      <MissingDependency>
        <Required type="1" schemaName="new_productphoto" displayName="Destination Photo" solution="MztapeBaseLayer (1.0.0.8)" />
        <Dependent type="300" schemaName="new_solestylestore_80949" displayName="Convention City App" />
      </MissingDependency>
      <MissingDependency>
        <Required type="1" schemaName="new_restock" displayName="Coupon Book" solution="MztapeBaseLayer (1.0.0.8)" />
        <Dependent type="29" displayName="Update activity quantity with new coupon book" id="{72cbe093-6011-ef11-9f89-6045bd07237d}" />
      </MissingDependency>
      <MissingDependency>
        <Required type="1" schemaName="new_sku" displayName="Guest Activity" solution="MztapeBaseLayer (1.0.0.8)" />
        <Dependent type="29" displayName="Create a single Trip for MztapeCard" id="{1f99fbd3-2773-ef11-a670-000d3a5ca663}" />
      </MissingDependency>
      <MissingDependency>
        <Required type="1" schemaName="new_sku" displayName="Guest Activity" solution="MztapeBaseLayer (1.0.0.8)" />
        <Dependent type="29" displayName="Create a sheet of Trips for MztapeCard" id="{485bb4b7-395b-ef11-bfe2-000d3a5a233e}" />
      </MissingDependency>
      <MissingDependency>
        <Required type="1" schemaName="new_sku" displayName="Guest Activity" solution="MztapeBaseLayer (1.0.0.8)" />
        <Dependent type="29" displayName="Update activity quantity with new coupon book" id="{72cbe093-6011-ef11-9f89-6045bd07237d}" />
      </MissingDependency>
      <MissingDependency>
        <Required type="1" schemaName="new_sku" displayName="Guest Activity" solution="MztapeBaseLayer (1.0.0.8)" />
        <Dependent type="29" displayName="Process new trip" id="{fa2b1aff-4012-ef11-9f89-6045bd07237d}" />
      </MissingDependency>
      <MissingDependency>
        <Required type="1" schemaName="new_sku" displayName="Guest Activity" solution="MztapeBaseLayer (1.0.0.8)" />
        <Dependent type="300" schemaName="mcdev_businesscardgenerator_4902c" displayName="Business Card Generator" />
      </MissingDependency>
      <MissingDependency>
        <Required type="1" schemaName="new_sku" displayName="Guest Activity" solution="MztapeBaseLayer (1.0.0.8)" />
        <Dependent type="300" schemaName="new_solestylestore_80949" displayName="Convention City App" />
      </MissingDependency>
      <MissingDependency>
        <Required type="1" schemaName="new_style" displayName="Tag" solution="MztapeBaseLayer (1.0.0.8)" />
        <Dependent type="300" schemaName="new_solestylestore_80949" displayName="Convention City App" />
      </MissingDependency>
      <MissingDependency>
        <Required type="connectionreference" displayName="mcdev_sharedazureblob_96481" solution="Active" id.connectionreferencelogicalname="mcdev_sharedazureblob_96481" />
        <Dependent type="29" displayName="mzt_GetBlob" id="{725e79c9-7365-ef11-bfe2-000d3a5ca663}" />
      </MissingDependency>
      <MissingDependency>
        <Required type="connectionreference" displayName="mcdev_sharedazureblob_96481" solution="Active" id.connectionreferencelogicalname="mcdev_sharedazureblob_96481" />
        <Dependent type="29" displayName="mzt_http_UploadImageAsBlob" id="{735e79c9-7365-ef11-bfe2-000d3a5ca663}" />
      </MissingDependency>
      <MissingDependency>
        <Required type="connectionreference" displayName="mcdev_sharedazureblob_96481" solution="Active" id.connectionreferencelogicalname="mcdev_sharedazureblob_96481" />
        <Dependent type="29" displayName="mzt_UploadImageAsBlob" id="{745e79c9-7365-ef11-bfe2-000d3a5ca663}" />
      </MissingDependency>
      <MissingDependency>
        <Required type="connectionreference" displayName="mcdev_sharedcommondataserviceforapps_5793f" solution="Active" id.connectionreferencelogicalname="mcdev_sharedcommondataserviceforapps_5793f" />
        <Dependent type="29" displayName="mzt Generate URL and key for a Trip" id="{3be83629-b967-ef11-bfe2-000d3a5ca663}" />
      </MissingDependency>
      <MissingDependency>
        <Required type="connectionreference" displayName="mcdev_sharedcommondataserviceforapps_5793f" solution="Active" id.connectionreferencelogicalname="mcdev_sharedcommondataserviceforapps_5793f" />
        <Dependent type="29" displayName="Update activity quantity with new coupon book" id="{72cbe093-6011-ef11-9f89-6045bd07237d}" />
      </MissingDependency>
      <MissingDependency>
        <Required type="connectionreference" displayName="mcdev_sharedcommondataserviceforapps_5793f" solution="Active" id.connectionreferencelogicalname="mcdev_sharedcommondataserviceforapps_5793f" />
        <Dependent type="29" displayName="Generate QR Code for a Trip" id="{e7e74d90-ea12-ef11-9f89-000d3a5ce87e}" />
      </MissingDependency>
      <MissingDependency>
        <Required type="connectionreference" displayName="mcdev_sharedcommondataserviceforapps_5793f" solution="Active" id.connectionreferencelogicalname="mcdev_sharedcommondataserviceforapps_5793f" />
        <Dependent type="29" displayName="Process new trip" id="{fa2b1aff-4012-ef11-9f89-6045bd07237d}" />
      </MissingDependency>
      <MissingDependency>
        <Required type="connectionreference" displayName="mcdev_sharedcommondataserviceforapps_91521" solution="Active" id.connectionreferencelogicalname="mcdev_sharedcommondataserviceforapps_91521" />
        <Dependent type="29" displayName="Upsert card backs" id="{2e4dc683-024a-ef11-a316-000d3a33b902}" />
      </MissingDependency>
      <MissingDependency>
        <Required type="connectionreference" displayName="mcdev_sharedcommondataserviceforapps_91521" solution="Active" id.connectionreferencelogicalname="mcdev_sharedcommondataserviceforapps_91521" />
        <Dependent type="29" displayName="Generate Cards for a Deck" id="{2e9c4ed5-833d-ef11-8409-0022480a7409}" />
      </MissingDependency>
      <MissingDependency>
        <Required type="connectionreference" displayName="mcdev_sharedcommondataserviceforapps_91521" solution="Active" id.connectionreferencelogicalname="mcdev_sharedcommondataserviceforapps_91521" />
        <Dependent type="29" displayName="Generate a print-ready PDF from a Deck" id="{62449676-7139-ef11-8409-0022480a7409}" />
      </MissingDependency>
      <MissingDependency>
        <Required type="connectionreference" displayName="mcdev_sharedcommondataserviceforapps_91521" solution="Active" id.connectionreferencelogicalname="mcdev_sharedcommondataserviceforapps_91521" />
        <Dependent type="29" displayName="Update activity quantity with new coupon book" id="{72cbe093-6011-ef11-9f89-6045bd07237d}" />
      </MissingDependency>
      <MissingDependency>
        <Required type="connectionreference" displayName="mcdev_sharedcommondataserviceforapps_91521" solution="Active" id.connectionreferencelogicalname="mcdev_sharedcommondataserviceforapps_91521" />
        <Dependent type="29" displayName="Generate a Deck of Cards with Fixed QR Codes" id="{ae2b3b13-385f-ef11-bfe3-000d3a5a233e}" />
      </MissingDependency>
      <MissingDependency>
        <Required type="connectionreference" displayName="mcdev_sharedcommondataserviceforapps_e4e75" solution="Active" id.connectionreferencelogicalname="mcdev_sharedcommondataserviceforapps_e4e75" />
        <Dependent type="29" displayName="Slap on new QR Codes for a given Card" id="{06fd1b50-695b-ef11-bfe2-000d3a5a233e}" />
      </MissingDependency>
      <MissingDependency>
        <Required type="connectionreference" displayName="mcdev_sharedcommondataserviceforapps_e4e75" solution="Active" id.connectionreferencelogicalname="mcdev_sharedcommondataserviceforapps_e4e75" />
        <Dependent type="29" displayName="Slap on new QR Codes" id="{07a86f0b-0b67-ef11-bfe2-000d3a5ca663}" />
      </MissingDependency>
      <MissingDependency>
        <Required type="connectionreference" displayName="mcdev_sharedcommondataserviceforapps_e4e75" solution="Active" id.connectionreferencelogicalname="mcdev_sharedcommondataserviceforapps_e4e75" />
        <Dependent type="29" displayName="Get your frog" id="{0800a1cb-eb73-ef11-a670-000d3a5ca663}" />
      </MissingDependency>
      <MissingDependency>
        <Required type="connectionreference" displayName="mcdev_sharedcommondataserviceforapps_e4e75" solution="Active" id.connectionreferencelogicalname="mcdev_sharedcommondataserviceforapps_e4e75" />
        <Dependent type="29" displayName="Create a single Trip for MztapeCard" id="{1f99fbd3-2773-ef11-a670-000d3a5ca663}" />
      </MissingDependency>
      <MissingDependency>
        <Required type="connectionreference" displayName="mcdev_sharedcommondataserviceforapps_e4e75" solution="Active" id.connectionreferencelogicalname="mcdev_sharedcommondataserviceforapps_e4e75" />
        <Dependent type="29" displayName="Upsert card backs" id="{2e4dc683-024a-ef11-a316-000d3a33b902}" />
      </MissingDependency>
      <MissingDependency>
        <Required type="connectionreference" displayName="mcdev_sharedcommondataserviceforapps_e4e75" solution="Active" id.connectionreferencelogicalname="mcdev_sharedcommondataserviceforapps_e4e75" />
        <Dependent type="29" displayName="Process an Animal Card Page" id="{3b59f799-5274-ef11-a670-000d3a5ca663}" />
      </MissingDependency>
      <MissingDependency>
        <Required type="connectionreference" displayName="mcdev_sharedcommondataserviceforapps_e4e75" solution="Active" id.connectionreferencelogicalname="mcdev_sharedcommondataserviceforapps_e4e75" />
        <Dependent type="29" displayName="Create a sheet of Trips for MztapeCard" id="{485bb4b7-395b-ef11-bfe2-000d3a5a233e}" />
      </MissingDependency>
      <MissingDependency>
        <Required type="connectionreference" displayName="mcdev_sharedcommondataserviceforapps_e4e75" solution="Active" id.connectionreferencelogicalname="mcdev_sharedcommondataserviceforapps_e4e75" />
        <Dependent type="29" displayName="Slap on new QR Codes for Animal Card" id="{5ce15dbe-546d-ef11-a670-000d3a5ca663}" />
      </MissingDependency>
      <MissingDependency>
        <Required type="connectionreference" displayName="mcdev_sharedcommondataserviceforapps_fec55" solution="Active" id.connectionreferencelogicalname="mcdev_sharedcommondataserviceforapps_fec55" />
        <Dependent type="29" displayName="Process new trip" id="{fa2b1aff-4012-ef11-9f89-6045bd07237d}" />
      </MissingDependency>
      <MissingDependency>
        <Required type="connectionreference" displayName="mcdev_sharedexcelonlinebusiness_7b41b" solution="Active" id.connectionreferencelogicalname="mcdev_sharedexcelonlinebusiness_7b41b" />
        <Dependent type="29" displayName="Import card-level URLs by Sequence for a Deck " id="{f16074fd-265f-ef11-bfe3-000d3a5a233e}" />
      </MissingDependency>
      <MissingDependency>
        <Required type="connectionreference" displayName="mcdev_sharedonedriveforbusiness_ef401" solution="Active" id.connectionreferencelogicalname="mcdev_sharedonedriveforbusiness_ef401" />
        <Dependent type="29" displayName="Trail import" id="{24c143d0-3996-ef11-8a6a-000d3a340320}" />
      </MissingDependency>
      <MissingDependency>
        <Required type="connectionreference" displayName="mcdev_sharedonedriveforbusiness_ef401" solution="Active" id.connectionreferencelogicalname="mcdev_sharedonedriveforbusiness_ef401" />
        <Dependent type="29" displayName="Save blob sheet as local file" id="{6eaa10f5-0b3e-ef11-8409-0022480a7409}" />
      </MissingDependency>
      <MissingDependency>
        <Required type="connectionreference" displayName="new_sharedazureblob_aa2b0" solution="Active" id.connectionreferencelogicalname="new_sharedazureblob_aa2b0" />
        <Dependent type="29" displayName="Slap on new QR Codes" id="{07a86f0b-0b67-ef11-bfe2-000d3a5ca663}" />
      </MissingDependency>
      <MissingDependency>
        <Required type="connectionreference" displayName="new_sharedazureblob_aa2b0" solution="Active" id.connectionreferencelogicalname="new_sharedazureblob_aa2b0" />
        <Dependent type="29" displayName="List card backs" id="{24c2af27-213e-ef11-8409-0022480a7409}" />
      </MissingDependency>
      <MissingDependency>
        <Required type="connectionreference" displayName="new_sharedazureblob_aa2b0" solution="Active" id.connectionreferencelogicalname="new_sharedazureblob_aa2b0" />
        <Dependent type="29" displayName="Upsert card backs" id="{2e4dc683-024a-ef11-a316-000d3a33b902}" />
      </MissingDependency>
      <MissingDependency>
        <Required type="connectionreference" displayName="new_sharedazureblob_aa2b0" solution="Active" id.connectionreferencelogicalname="new_sharedazureblob_aa2b0" />
        <Dependent type="29" displayName="Generate HTML sheet of business cards" id="{361f9db2-b63d-ef11-8409-0022480a7409}" />
      </MissingDependency>
      <MissingDependency>
        <Required type="connectionreference" displayName="new_sharedazureblob_aa2b0" solution="Active" id.connectionreferencelogicalname="new_sharedazureblob_aa2b0" />
        <Dependent type="29" displayName="Generate HTML sheet 1-up" id="{5bbc8a4f-4c5f-ef11-bfe3-000d3a5a233e}" />
      </MissingDependency>
      <MissingDependency>
        <Required type="connectionreference" displayName="new_sharedazureblob_aa2b0" solution="Active" id.connectionreferencelogicalname="new_sharedazureblob_aa2b0" />
        <Dependent type="29" displayName="Generate a print-ready PDF from a Deck" id="{62449676-7139-ef11-8409-0022480a7409}" />
      </MissingDependency>
      <MissingDependency>
        <Required type="connectionreference" displayName="new_sharedazureblob_aa2b0" solution="Active" id.connectionreferencelogicalname="new_sharedazureblob_aa2b0" />
        <Dependent type="29" displayName="Save blob sheet as local file" id="{6eaa10f5-0b3e-ef11-8409-0022480a7409}" />
      </MissingDependency>
      <MissingDependency>
        <Required type="connectionreference" displayName="new_sharedazureblob_aa2b0" solution="Active" id.connectionreferencelogicalname="new_sharedazureblob_aa2b0" />
        <Dependent type="29" displayName="List card fronts" id="{bbc5509b-143e-ef11-8409-0022480a7409}" />
      </MissingDependency>
      <MissingDependency>
        <Required type="connectionreference" displayName="new_sharedonedriveforbusiness_c952b" solution="Active" id.connectionreferencelogicalname="new_sharedonedriveforbusiness_c952b" />
        <Dependent type="29" displayName="Generate a print-ready PDF from a Deck" id="{62449676-7139-ef11-8409-0022480a7409}" />
      </MissingDependency>
    </MissingDependencies>
  </SolutionManifest>
</ImportExportXml>