<powerpagecomponent powerpagecomponentid="2a4e8bce-2b5c-ef11-bfe2-000d3a5a233e">
  <content>{"botschemaname":"cr442_e51afb8e-9e20-4fd6-a0bd-c0fe5e9fc4b5","configjson":"{\"skillConfigViewName\":\"mztape bot Answers\"}"}</content>
  <iscustomizable>1</iscustomizable>
  <name>Bot Consumer</name>
  <powerpagecomponenttype>27</powerpagecomponenttype>
  <powerpagesiteid>
    <powerpagesiteid>8e775667-1468-44d6-9383-4088b0cbc5d7</powerpagesiteid>
  </powerpagesiteid>
  <statecode>0</statecode>
  <statuscode>1</statuscode>
</powerpagecomponent>