<powerpagecomponent powerpagecomponentid="908d4fc3-852a-cc46-e7fa-e01728749162">
  <content>{
  "filecontent": null,
  "displayorder": 3,
  "customcss": "",
  "customjavascript": "",
  "pagetemplateid": "aecde27e-492f-4417-9d62-ce63f22cf6d4",
  "parentpageid": "ea3fef6d-98c3-416d-8c35-cdd23488011d",
  "partialurl": "temp-deleted",
  "isroot": false,
  "rootwebpageid": "759d5913-5269-fc9b-3049-6fd9e6d50512",
  "title": "temp",
  "summary": "&lt;p&gt;This is a sample landing page designed to be a starting point for your website&lt;/p&gt;",
  "copy": "&lt;div class=\"row sectionBlockLayout text-start\" style=\"display: flex; flex-wrap: wrap; margin: 0px; min-height: auto; padding: 8px;\"&gt;\n  &lt;div class=\"container\" style=\"display: flex; flex-wrap: wrap;\"&gt;\n    &lt;div class=\"col-lg-12 columnBlockLayout\" style=\"flex-grow: 1; display: flex; flex-direction: column; min-width: 250px; word-break: break-word; padding: 16px; margin: 60px 0px;\"&gt;\n      &lt;div id=\"content\"&gt;\n        &lt;h1 style=\"font-family: Lato; font-size: 42px; font-weight: 900;\"&gt;Your Friendly Frog&lt;/h1&gt;\n        &lt;div id=\"loading\" class=\"loading\" style=\"display: none;\"&gt;Spinning...&lt;/div&gt;\n        &lt;img id=\"frogImage\" src=\"/frog.png\" alt=\"frog\" name=\"frog.png\" style=\"max-width: 100%; display: none; width: 350px; height: 325.70000000000005px;\"&gt;\n      &lt;/div&gt;\n    &lt;/div&gt;\n  &lt;/div&gt;\n&lt;/div&gt;\n",
  "publishingstateid": "8fde6bcb-e262-4220-abad-cae59a5b1be3",
  "enablerating": false,
  "enabletracking": false,
  "excludefromsearch": false,
  "hiddenfromsitemap": true,
  "sharedpageconfiguration": false
}</content>
  <iscustomizable>1</iscustomizable>
  <name>temp-deleted</name>
  <powerpagecomponenttype>2</powerpagecomponenttype>
  <powerpagesiteid>
    <powerpagesiteid>8e775667-1468-44d6-9383-4088b0cbc5d7</powerpagesiteid>
  </powerpagesiteid>
  <powerpagesitelanguageid>
    <powerpagesitelanguageid>6a38405c-01a0-4377-b6db-af494758f438</powerpagesitelanguageid>
  </powerpagesitelanguageid>
  <searchcontent>temp&lt;div class="row sectionBlockLayout text-start" style="display: flex; flex-wrap: wrap; margin: 0px; min-height: auto; padding: 8px;"&gt;
  &lt;div class="container" style="display: flex; flex-wrap: wrap;"&gt;
    &lt;div class="col-lg-12 columnBlockLayout" style="flex-grow: 1; display: flex; flex-direction: column; min-width: 250px; word-break: break-word; padding: 16px; margin: 60px 0px;"&gt;
      &lt;div id="content"&gt;
        &lt;h1 style="font-family: Lato; font-size: 42px; font-weight: 900;"&gt;Your Friendly Frog&lt;/h1&gt;
        &lt;div id="loading" class="loading" style="display: none;"&gt;Spinning...&lt;/div&gt;
        &lt;img id="frogImage" src="/frog.png" alt="frog" name="frog.png" style="max-width: 100%; display: none; width: 350px; height: 325.70000000000005px;"&gt;
      &lt;/div&gt;
    &lt;/div&gt;
  &lt;/div&gt;
&lt;/div&gt;
temp-deleted</searchcontent>
  <statecode>1</statecode>
  <statuscode>2</statuscode>
</powerpagecomponent>