<powerpagecomponent powerpagecomponentid="a1f8ca84-0d56-4da9-a8d7-548d56b8dfc4">
  <content>{"adx_websiteaccess_webrole":["e039b3c9-74d8-4cc5-8354-71fb2abe3140"],"managecontentsnippets":true,"managesitemarkers":true,"manageweblinksets":true,"previewunpublishedentities":true}</content>
  <iscustomizable>1</iscustomizable>
  <name>Administrative permissions for Blank Template</name>
  <powerpagecomponenttype>12</powerpagecomponenttype>
  <powerpagesiteid>
    <powerpagesiteid>8e775667-1468-44d6-9383-4088b0cbc5d7</powerpagesiteid>
  </powerpagesiteid>
  <statecode>0</statecode>
  <statuscode>1</statuscode>
</powerpagecomponent>