<powerpagecomponent powerpagecomponentid="47458a3d-1ec0-430d-af58-93a3efb74f4e">
  <content>{"enabletracking":false,"excludefromsearch":false,"hiddenfromsitemap":false,"parentpageid":"ea3fef6d-98c3-416d-8c35-cdd23488011d","partialurl":"Logo-sm-64.png","publishingstateid":"8fde6bcb-e262-4220-abad-cae59a5b1be3"}</content>
  <filecontent mimetype="application/octet-stream">Logo-sm-64.png</filecontent>
  <iscustomizable>1</iscustomizable>
  <name>Logo-sm-64.png</name>
  <powerpagecomponenttype>3</powerpagecomponenttype>
  <powerpagesiteid>
    <powerpagesiteid>8e775667-1468-44d6-9383-4088b0cbc5d7</powerpagesiteid>
  </powerpagesiteid>
  <statecode>0</statecode>
  <statuscode>1</statuscode>
</powerpagecomponent>