<powerpagecomponent powerpagecomponentid="9b9ab78f-6aa6-4312-8e76-48ad99a969c9">
  <content>{"enablerating":false,"enabletracking":false,"excludefromsearch":true,"hiddenfromsitemap":true,"isroot":true,"pagetemplateid":"aecde27e-492f-4417-9d62-ce63f22cf6d4","parentpageid":"ea3fef6d-98c3-416d-8c35-cdd23488011d","partialurl":"access-denied","publishingstateid":"8fde6bcb-e262-4220-abad-cae59a5b1be3","sharedpageconfiguration":false}</content>
  <iscustomizable>1</iscustomizable>
  <name>Access Denied</name>
  <powerpagecomponenttype>2</powerpagecomponenttype>
  <powerpagesiteid>
    <powerpagesiteid>8e775667-1468-44d6-9383-4088b0cbc5d7</powerpagesiteid>
  </powerpagesiteid>
  <searchcontent>Access Denied</searchcontent>
  <statecode>0</statecode>
  <statuscode>1</statuscode>
</powerpagecomponent>