<powerpagecomponent powerpagecomponentid="47fe29b4-aed2-4fa9-a8cd-8a70f1a3429f">
  <content>{"enabletracking":false,"excludefromsearch":false,"hiddenfromsitemap":false,"parentpageid":"ea3fef6d-98c3-416d-8c35-cdd23488011d","partialurl":"Cat-PC.png","publishingstateid":"8fde6bcb-e262-4220-abad-cae59a5b1be3"}</content>
  <filecontent mimetype="application/octet-stream">Cat-PC.png</filecontent>
  <iscustomizable>1</iscustomizable>
  <name>Cat-PC.png</name>
  <powerpagecomponenttype>3</powerpagecomponenttype>
  <powerpagesiteid>
    <powerpagesiteid>8e775667-1468-44d6-9383-4088b0cbc5d7</powerpagesiteid>
  </powerpagesiteid>
  <statecode>0</statecode>
  <statuscode>1</statuscode>
</powerpagecomponent>