<powerpagecomponent powerpagecomponentid="1e0a21e4-eea4-4fba-91a0-00a1f1b295aa">
  <content>{"entityname":"adx_webpage","isdefault":false,"rewriteurl":"~/Pages/Profile.aspx","usewebsiteheaderandfooter":true}</content>
  <iscustomizable>1</iscustomizable>
  <name>Profile</name>
  <powerpagecomponenttype>6</powerpagecomponenttype>
  <powerpagesiteid>
    <powerpagesiteid>8e775667-1468-44d6-9383-4088b0cbc5d7</powerpagesiteid>
  </powerpagesiteid>
  <statecode>0</statecode>
  <statuscode>1</statuscode>
</powerpagecomponent>