<powerpagecomponent powerpagecomponentid="70465e43-46bd-3856-6785-77ac635f1074">
  <content>{"displayorder":4,"customcss":"","customjavascript":"","pagetemplateid":"aecde27e-492f-4417-9d62-ce63f22cf6d4","parentpageid":"ea3fef6d-98c3-416d-8c35-cdd23488011d","partialurl":"videotest","isroot":false,"rootwebpageid":"c7a27f6d-d76b-07fe-7dea-a61b1bd8484a","title":"videotest","summary":"&lt;p&gt;This is a sample landing page designed to be a starting point for your website&lt;/p&gt;","copy":"&lt;div class=\"row sectionBlockLayout text-start\" style=\"min-height: auto; padding: 8px;\"&gt;\n    &lt;div class=\"container\" style=\"display: flex; flex-wrap: wrap;\"&gt;\n      &lt;div class=\"col-lg-12 columnBlockLayout\" style=\"padding: 16px; margin: 60px 0px; min-height: 200px;\"&gt;\n\n        {% include 'YouTube Video' videoId: 'u6tV20J4ZRo' %}\n\n\n        \n      &lt;/div&gt;\n    &lt;/div&gt;\n  &lt;/div&gt;\n  ","publishingstateid":"8fde6bcb-e262-4220-abad-cae59a5b1be3","enablerating":false,"enabletracking":false,"excludefromsearch":false,"hiddenfromsitemap":true,"sharedpageconfiguration":false}</content>
  <iscustomizable>1</iscustomizable>
  <name>videotest</name>
  <powerpagecomponenttype>2</powerpagecomponenttype>
  <powerpagesiteid>
    <powerpagesiteid>8e775667-1468-44d6-9383-4088b0cbc5d7</powerpagesiteid>
  </powerpagesiteid>
  <powerpagesitelanguageid>
    <powerpagesitelanguageid>6a38405c-01a0-4377-b6db-af494758f438</powerpagesitelanguageid>
  </powerpagesitelanguageid>
  <searchcontent>videotest&lt;div class="row sectionBlockLayout text-start" style="min-height: auto; padding: 8px;"&gt;
    &lt;div class="container" style="display: flex; flex-wrap: wrap;"&gt;
      &lt;div class="col-lg-12 columnBlockLayout" style="padding: 16px; margin: 60px 0px; min-height: 200px;"&gt;

        {% include 'YouTube Video' videoId: 'u6tV20J4ZRo' %}


        
      &lt;/div&gt;
    &lt;/div&gt;
  &lt;/div&gt;
  videotest</searchcontent>
  <statecode>0</statecode>
  <statuscode>1</statuscode>
</powerpagecomponent>