<powerpagecomponent powerpagecomponentid="551e27cc-fb4a-45ea-bb86-218cdc84334f">
  <content>{"displayorder":1,"enabletracking":false,"excludefromsearch":true,"hiddenfromsitemap":true,"parentpageid":"ea3fef6d-98c3-416d-8c35-cdd23488011d","partialurl":"bootstrap.min.css","publishingstateid":"8fde6bcb-e262-4220-abad-cae59a5b1be3"}</content>
  <filecontent mimetype="application/octet-stream">bootstrap.min.css</filecontent>
  <iscustomizable>1</iscustomizable>
  <name>bootstrap.min.css</name>
  <powerpagecomponenttype>3</powerpagecomponenttype>
  <powerpagesiteid>
    <powerpagesiteid>8e775667-1468-44d6-9383-4088b0cbc5d7</powerpagesiteid>
  </powerpagesiteid>
  <statecode>0</statecode>
  <statuscode>1</statuscode>
</powerpagecomponent>