<powerpagecomponent powerpagecomponentid="48e6a7ef-1629-4e89-b152-069875f481b4">
  <content>{"createdOn":"2024-09-16T15:39:20.155Z","parentpageid":"ea3fef6d-98c3-416d-8c35-cdd23488011d","publishingstateid":"8fde6bcb-e262-4220-abad-cae59a5b1be3","partialurl":"frog.png","title":"","summary":"","enabletracking":false,"excludefromsearch":false,"hiddenfromsitemap":false}</content>
  <filecontent mimetype="image/png">frog.png</filecontent>
  <iscustomizable>1</iscustomizable>
  <name>frog.png</name>
  <powerpagecomponenttype>3</powerpagecomponenttype>
  <powerpagesiteid>
    <powerpagesiteid>8e775667-1468-44d6-9383-4088b0cbc5d7</powerpagesiteid>
  </powerpagesiteid>
  <statecode>0</statecode>
  <statuscode>1</statuscode>
</powerpagecomponent>