<environmentvariabledefinition schemaname="mcdev_OverlayFunctionURI">
  <defaultvalue>https://modelcitizendeveloper-mixtape-http-overlay.azurewebsites.net/api/http_qrOverlay</defaultvalue>
  <displayname default="OverlayFunctionURI">
    <label description="OverlayFunctionURI" languagecode="1033" />
  </displayname>
  <introducedversion>1.0.0.3</introducedversion>
  <iscustomizable>1</iscustomizable>
  <isrequired>0</isrequired>
  <secretstore>0</secretstore>
  <type>100000000</type>
</environmentvariabledefinition>