<powerpagecomponent powerpagecomponentid="666aa06e-aa13-7133-cee8-3941f10d759d">
  <content>{
  "displayorder": 4,
  "weblinksetid": "45fd0e92-fcb5-4f24-b44f-08f22ca76c80",
  "pageid": "c7a27f6d-d76b-07fe-7dea-a61b1bd8484a",
  "publishingstateid": "8fde6bcb-e262-4220-abad-cae59a5b1be3",
  "displaypagevalidation": false,
  "displayimageonly": false,
  "displaypagechildlinks": false,
  "openinnewwindow": false,
  "robotsfollowlink": true,
  "copy": "undefined"
}</content>
  <iscustomizable>1</iscustomizable>
  <name>videotest</name>
  <powerpagecomponenttype>5</powerpagecomponenttype>
  <powerpagesiteid>
    <powerpagesiteid>8e775667-1468-44d6-9383-4088b0cbc5d7</powerpagesiteid>
  </powerpagesiteid>
  <statecode>0</statecode>
  <statuscode>1</statuscode>
</powerpagecomponent>