<powerpagecomponent powerpagecomponentid="72f4416d-938e-ef11-ac21-000d3a340320">
  <content>{
  "source": "{% manifest %}\r\n{\r\n  \"type\": \"component\",\r\n  \"displayName\": \"YouTube Video\",\r\n  \"description\": \"Embed a YouTube video\",\r\n  \"parameters\": {\r\n    \"videoId\": {\r\n      \"type\": \"string\",\r\n      \"displayName\": \"Video ID\",\r\n      \"description\": \"The ID of the YouTube video to embed\"\r\n    }\r\n  }\r\n}\r\n{% endmanifest %}\r\n&lt;iframe width=\"560\" height=\"315\" src=\"https://www.youtube.com/embed/{{ videoId }}\" title=\"YouTube video player\" frameborder=\"0\" allow=\"accelerometer; autoplay; clipboard-write; encrypted-media; gyroscope; picture-in-picture; web-share\" referrerpolicy=\"strict-origin-when-cross-origin\" allowfullscreen&gt;&lt;/iframe&gt;"
}</content>
  <iscustomizable>1</iscustomizable>
  <name>YouTube Video</name>
  <powerpagecomponenttype>8</powerpagecomponenttype>
  <powerpagesiteid>
    <powerpagesiteid>8e775667-1468-44d6-9383-4088b0cbc5d7</powerpagesiteid>
  </powerpagesiteid>
  <statecode>0</statecode>
  <statuscode>1</statuscode>
</powerpagecomponent>