<powerpagecomponent powerpagecomponentid="ea3fef6d-98c3-416d-8c35-cdd23488011d">
  <content>{"displayorder":1,"enablerating":false,"enabletracking":false,"excludefromsearch":false,"feedbackpolicy":756150005,"hiddenfromsitemap":false,"isroot":true,"pagetemplateid":"aecde27e-492f-4417-9d62-ce63f22cf6d4","partialurl":"/","publishingstateid":"8fde6bcb-e262-4220-abad-cae59a5b1be3","sharedpageconfiguration":false,"title":"Home"}</content>
  <iscustomizable>1</iscustomizable>
  <name>Home</name>
  <powerpagecomponenttype>2</powerpagecomponenttype>
  <powerpagesiteid>
    <powerpagesiteid>8e775667-1468-44d6-9383-4088b0cbc5d7</powerpagesiteid>
  </powerpagesiteid>
  <searchcontent>HomeHome</searchcontent>
  <statecode>0</statecode>
  <statuscode>1</statuscode>
</powerpagecomponent>