<powerpagecomponent powerpagecomponentid="3bdf422c-f090-ef11-ac21-000d3a340320">
  <content>{
  "source": "{% manifest %}\r\n{\r\n  \"type\": \"component\",\r\n  \"displayName\": \"Log Error\",\r\n  \"description\": \"Logs an error message\",\r\n  \"parameters\": {\r\n    \"message\": {\r\n      \"type\": \"string\",\r\n      \"displayName\": \"Error Message\",\r\n      \"description\": \"The error message to log\"\r\n    }\r\n  }\r\n}\r\n{% endmanifest %}\r\n\r\n&lt;script&gt;\r\n  console.error(\"LogError: {{ message }}\");\r\n&lt;/script&gt;"
}</content>
  <iscustomizable>1</iscustomizable>
  <name>LogError</name>
  <powerpagecomponenttype>8</powerpagecomponenttype>
  <powerpagesiteid>
    <powerpagesiteid>8e775667-1468-44d6-9383-4088b0cbc5d7</powerpagesiteid>
  </powerpagesiteid>
  <statecode>0</statecode>
  <statuscode>1</statuscode>
</powerpagecomponent>