<powerpagecomponent powerpagecomponentid="7c8b81c8-5574-ef11-a670-000d3a5ca663">
  <content>{"adx_flowapiurl":"/_api/cloudflow/v1.0/trigger/3b59f799-5274-ef11-a670-000d3a5ca663","adx_flowtriggerurl":"https://usa002-004.azure-apihub.net:443/apim/logicflows/D7845996D3C3CD03B69CB9434C955F33-1C4A67A18CC080EE/triggers/manual/run?api-version=2016-06-01","adx_metadata":"d7845996-d3c3-cd03-b69c-b9434c955f33","adx_CloudFlowConsumer_adx_webrole":["cdcf2de1-6928-4bd6-8d55-beee3ee78abe"],"_adx_processid_value":"3b59f799-5274-ef11-a670-000d3a5ca663"}</content>
  <iscustomizable>1</iscustomizable>
  <name>Process an Animal Card Page</name>
  <powerpagecomponenttype>33</powerpagecomponenttype>
  <powerpagesiteid>
    <powerpagesiteid>8e775667-1468-44d6-9383-4088b0cbc5d7</powerpagesiteid>
  </powerpagesiteid>
  <statecode>0</statecode>
  <statuscode>1</statuscode>
</powerpagecomponent>