{
  "properties": {
    "connectionReferences": {
      "shared_commondataserviceforapps": {
        "runtimeSource": "embedded",
        "connection": {
          "connectionReferenceLogicalName": "mcdev_sharedcommondataserviceforapps_e4e75"
        },
        "api": {
          "name": "shared_commondataserviceforapps"
        }
      }
    },
    "definition": {
      "$schema": "https://schema.management.azure.com/providers/Microsoft.Logic/schemas/2016-06-01/workflowdefinition.json#",
      "contentVersion": "undefined",
      "parameters": {
        "$connections": {
          "defaultValue": {},
          "type": "Object"
        },
        "$authentication": {
          "defaultValue": {},
          "type": "SecureObject"
        }
      },
      "triggers": {
        "manual": {
          "metadata": {
            "operationMetadataId": "6cd1a99a-88f1-4107-b6b8-1eba06aa5c6f"
          },
          "type": "Request",
          "kind": "PowerAppV2",
          "inputs": {
            "schema": {
              "type": "object",
              "properties": {
                "text": {
                  "description": "Please enter your input",
                  "title": "mztapeCardGUID",
                  "type": "string",
                  "x-ms-content-hint": "TEXT",
                  "x-ms-dynamically-added": true
                },
                "text_1": {
                  "description": "Please enter your input",
                  "title": "ActivitiesJSON",
                  "type": "string",
                  "x-ms-content-hint": "TEXT",
                  "x-ms-dynamically-added": true
                },
                "number": {
                  "description": "1",
                  "title": "Sheets",
                  "type": "number",
                  "x-ms-content-hint": "NUMBER",
                  "x-ms-dynamically-added": true
                }
              },
              "required": [
                "text",
                "text_1",
                "number"
              ]
            }
          }
        }
      },
      "actions": {
        "Get_a_row_by_ID_for_mztapeCard": {
          "runAfter": {},
          "metadata": {
            "operationMetadataId": "45f60770-f931-4063-8699-f80527bcc9c2"
          },
          "type": "OpenApiConnection",
          "inputs": {
            "host": {
              "connectionName": "shared_commondataserviceforapps",
              "operationId": "GetItem",
              "apiId": "/providers/Microsoft.PowerApps/apis/shared_commondataserviceforapps"
            },
            "parameters": {
              "entityName": "mcdev_cards",
              "recordId": "@triggerBody()?['text']"
            },
            "authentication": "@parameters('$authentication')"
          }
        },
        "Do_until_loopCounter_is_equal_to_loopTarget": {
          "actions": {
            "Increment_variable_loopCounter": {
              "runAfter": {},
              "metadata": {
                "operationMetadataId": "90501a1a-be8e-4d91-a83d-a157f049a313"
              },
              "type": "IncrementVariable",
              "inputs": {
                "name": "loopCounter",
                "value": 1
              }
            },
            "Add_a_new_row_to_Trips": {
              "runAfter": {
                "Increment_variable_loopCounter": [
                  "Succeeded"
                ]
              },
              "metadata": {
                "operationMetadataId": "c078f71e-33b0-42d2-8ed6-4db40560a5eb"
              },
              "type": "OpenApiConnection",
              "inputs": {
                "host": {
                  "connectionName": "shared_commondataserviceforapps",
                  "operationId": "CreateRecord",
                  "apiId": "/providers/Microsoft.PowerApps/apis/shared_commondataserviceforapps"
                },
                "parameters": {
                  "entityName": "new_invoices",
                  "item/new_name": "@{workflow().run.name}.@{variables('loopCounter')}",
                  "item/mcdev_ismztape": true,
                  "item/mcdev_Card@odata.bind": "/cards(@{body('Get_a_row_by_ID_for_mztapeCard')?['mcdev_cardid']})"
                },
                "authentication": "@parameters('$authentication')"
              }
            },
            "Apply_to_each_Activity": {
              "foreach": "@body('Parse_JSON_for_Activities')",
              "actions": {
                "Add_a_new_row_to_Trip_Stops": {
                  "runAfter": {
                    "Get_a_row_by_ID_from_Guest_Activities": [
                      "Succeeded"
                    ]
                  },
                  "metadata": {
                    "operationMetadataId": "3e88ddfd-d187-4e83-8953-c45412ae9489"
                  },
                  "type": "OpenApiConnection",
                  "inputs": {
                    "host": {
                      "connectionName": "shared_commondataserviceforapps",
                      "operationId": "CreateRecord",
                      "apiId": "/providers/Microsoft.PowerApps/apis/shared_commondataserviceforapps"
                    },
                    "parameters": {
                      "entityName": "new_invoicelines",
                      "item/new_Invoice@odata.bind": "/new_invoices(@{body('Add_a_new_row_to_Trips')?['new_invoiceid']})",
                      "item/new_name": "@{body('Add_a_new_row_to_Trips')?['new_name']}.@{variables('activityLoopCounter')}",
                      "item/new_linenumber": "@variables('activityLoopCounter')",
                      "item/new_quantity": 1,
                      "item/new_SKU@odata.bind": "/new_skus(@{body('Get_a_row_by_ID_from_Guest_Activities')?['new_skuid']})",
                      "item/mcdev_usereditable": "@outputs('Get_a_row_by_ID_from_Guest_Activities')?['body/mcdev_usereditable']"
                    },
                    "authentication": "@parameters('$authentication')"
                  }
                },
                "Get_a_row_by_ID_from_Guest_Activities": {
                  "runAfter": {
                    "Increment_variable_activityLoopCounter": [
                      "Succeeded"
                    ]
                  },
                  "metadata": {
                    "operationMetadataId": "4824d1b2-b6c1-4cf4-99fe-0dc4d4632b22"
                  },
                  "type": "OpenApiConnection",
                  "inputs": {
                    "host": {
                      "connectionName": "shared_commondataserviceforapps",
                      "operationId": "GetItem",
                      "apiId": "/providers/Microsoft.PowerApps/apis/shared_commondataserviceforapps"
                    },
                    "parameters": {
                      "entityName": "new_skus",
                      "recordId": "@items('Apply_to_each_Activity')"
                    },
                    "authentication": "@parameters('$authentication')"
                  }
                },
                "Increment_variable_activityLoopCounter": {
                  "runAfter": {},
                  "metadata": {
                    "operationMetadataId": "48b8a480-bdb4-493f-bdfc-884c257b7007"
                  },
                  "type": "IncrementVariable",
                  "inputs": {
                    "name": "activityLoopCounter",
                    "value": 1
                  }
                }
              },
              "runAfter": {
                "Append_to_array_variable_tripGUIDs": [
                  "Succeeded"
                ]
              },
              "metadata": {
                "operationMetadataId": "af8b0fd2-7188-408c-9be5-9e6d461712fa"
              },
              "type": "Foreach"
            },
            "Set_variable_activityLoop_Counter_back_to_0": {
              "runAfter": {
                "Apply_to_each_Activity": [
                  "Succeeded"
                ]
              },
              "metadata": {
                "operationMetadataId": "1bba436a-6f8a-49d0-a4ff-b990166133c4"
              },
              "type": "SetVariable",
              "inputs": {
                "name": "activityLoopCounter",
                "value": 0
              }
            },
            "Run_a_Child_Flow_to_update_URL_and_key": {
              "runAfter": {
                "Add_a_new_row_to_Trips": [
                  "Succeeded"
                ]
              },
              "metadata": {
                "operationMetadataId": "7de2ad19-0e68-491a-be7d-8dcb270d11b5"
              },
              "type": "Workflow",
              "inputs": {
                "host": {
                  "workflowReferenceName": "3be83629-b967-ef11-bfe2-000d3a5ca663"
                },
                "body": {
                  "text": "@body('Add_a_new_row_to_Trips')?['new_invoiceid']"
                }
              }
            },
            "Compose_QR_Code_URL": {
              "runAfter": {
                "Run_a_Child_Flow_to_update_URL_and_key": [
                  "Succeeded"
                ]
              },
              "metadata": {
                "operationMetadataId": "6585ddd3-38e6-4361-9116-97bca7dbb915"
              },
              "type": "Compose",
              "inputs": "@body('Run_a_Child_Flow_to_update_URL_and_key')?['qr_code_url']"
            },
            "Append_to_array_variable_tripGUIDs": {
              "runAfter": {
                "Compose_QR_Code_URL": [
                  "Succeeded"
                ]
              },
              "metadata": {
                "operationMetadataId": "36744a24-d4fb-49b5-abbc-9c8666b564b8"
              },
              "type": "AppendToArrayVariable",
              "inputs": {
                "name": "tripGUIDs",
                "value": "@outputs('Add_a_new_row_to_Trips')?['body/new_invoiceid']"
              }
            }
          },
          "runAfter": {
            "Initialize_variable_loopTarget": [
              "Succeeded"
            ]
          },
          "expression": "@equals(variables('loopCounter'), variables('loopTarget'))",
          "limit": {
            "count": 60,
            "timeout": "PT1H"
          },
          "metadata": {
            "operationMetadataId": "25f0c2c5-63ef-486f-900a-7dfc0d0700fa"
          },
          "type": "Until"
        },
        "Initialize_variable_loopCounter": {
          "runAfter": {
            "Parse_JSON_for_Activities": [
              "Succeeded"
            ]
          },
          "metadata": {
            "operationMetadataId": "b5468ca1-d65f-4164-b22f-d74376fa5f6d"
          },
          "type": "InitializeVariable",
          "inputs": {
            "variables": [
              {
                "name": "loopCounter",
                "type": "integer",
                "value": 0
              }
            ]
          }
        },
        "Parse_JSON_for_Activities": {
          "runAfter": {
            "Get_a_row_by_ID_for_mztapeCard": [
              "Succeeded"
            ]
          },
          "metadata": {
            "operationMetadataId": "960dc467-92d9-448f-af0f-c46aa6185e1e"
          },
          "type": "ParseJson",
          "inputs": {
            "content": "@triggerBody()?['text_1']",
            "schema": {
              "type": "array",
              "items": {
                "type": "string"
              }
            }
          }
        },
        "Initialize_variable_activityLoopCounter": {
          "runAfter": {
            "Initialize_variable_loopCounter": [
              "Succeeded"
            ]
          },
          "metadata": {
            "operationMetadataId": "fb2fdac4-18e6-4e50-9768-10e85e11aa67"
          },
          "type": "InitializeVariable",
          "inputs": {
            "variables": [
              {
                "name": "activityLoopCounter",
                "type": "integer",
                "value": 0
              }
            ]
          }
        },
        "Respond_to_a_Power_App_or_flow": {
          "runAfter": {
            "Run_a_Child_Flow": [
              "Succeeded"
            ]
          },
          "metadata": {
            "operationMetadataId": "ebe5dcac-d748-4060-a9f8-5e473e2ab872"
          },
          "type": "Response",
          "kind": "PowerApp",
          "inputs": {
            "statusCode": 200,
            "body": {
              "response": "200",
              "body": "@{outputs('Compose_TripGUIDs_string')}"
            },
            "schema": {
              "type": "object",
              "properties": {
                "response": {
                  "title": "Response",
                  "x-ms-dynamically-added": true,
                  "type": "string"
                },
                "body": {
                  "title": "Body",
                  "x-ms-dynamically-added": true,
                  "type": "string"
                }
              }
            }
          }
        },
        "Initialize_variable_tripGUIDs": {
          "runAfter": {
            "Initialize_variable_activityLoopCounter": [
              "Succeeded"
            ]
          },
          "metadata": {
            "operationMetadataId": "d72d84dc-f294-47ae-8fcb-c97e26e9f2cd"
          },
          "type": "InitializeVariable",
          "inputs": {
            "variables": [
              {
                "name": "tripGUIDs",
                "type": "array"
              }
            ]
          }
        },
        "Compose_TripGUIDs_string": {
          "runAfter": {
            "Do_until_loopCounter_is_equal_to_loopTarget": [
              "Succeeded"
            ]
          },
          "metadata": {
            "operationMetadataId": "ab3a7835-77fa-401d-80b6-8522c7624ac8"
          },
          "type": "Compose",
          "inputs": "@string(variables('tripGUIDs'))"
        },
        "Run_a_Child_Flow": {
          "runAfter": {
            "Compose_TripGUIDs_string": [
              "Succeeded"
            ]
          },
          "metadata": {
            "operationMetadataId": "5ec1dcb2-6fba-44e6-9a29-5665b3a144c8"
          },
          "type": "Workflow",
          "inputs": {
            "host": {
              "workflowReferenceName": "07a86f0b-0b67-ef11-bfe2-000d3a5ca663"
            },
            "body": {
              "text": "@body('Get_a_row_by_ID_for_mztapeCard')?['mcdev_cardid']",
              "text_1": "@outputs('Compose_TripGUIDs_string')"
            }
          }
        },
        "Initialize_variable_loopTarget": {
          "runAfter": {
            "Initialize_variable_tripGUIDs": [
              "Succeeded"
            ]
          },
          "metadata": {
            "operationMetadataId": "a143e1a1-f3da-417b-a152-c683924b7030"
          },
          "type": "InitializeVariable",
          "inputs": {
            "variables": [
              {
                "name": "loopTarget",
                "type": "integer",
                "value": "@if(equals(triggerBody()['number'],0),1,mul(8,triggerBody()['number']))"
              }
            ]
          }
        }
      }
    },
    "templateName": ""
  },
  "schemaVersion": "1.0.0.0"
}