{
  "properties": {
    "connectionReferences": {
      "shared_azureblob": {
        "runtimeSource": "invoker",
        "connection": {
          "connectionReferenceLogicalName": "new_sharedazureblob_aa2b0"
        },
        "api": {
          "name": "shared_azureblob"
        }
      }
    },
    "definition": {
      "$schema": "https://schema.management.azure.com/providers/Microsoft.Logic/schemas/2016-06-01/workflowdefinition.json#",
      "contentVersion": "1.0.0.0",
      "parameters": {
        "$connections": {
          "defaultValue": {},
          "type": "Object"
        },
        "$authentication": {
          "defaultValue": {},
          "type": "SecureObject"
        },
        "Container Names (mcdev_ContainerNames)": {
          "defaultValue": {
            "CONTAINER_NAME_STATIC_IMAGES": "dev-static-images",
            "CONTAINER_NAME_DYNAMIC_BEFORE": "dev-placeholder-images",
            "CONTAINER_NAME_DYNAMIC_AFTER": "dev-dynamic-images",
            "CONTAINER_NAME_HTML": "dev-html-renderings",
            "CONTAINER_NAME_PDF": "dev-pdf-files"
          },
          "type": "Object",
          "metadata": {
            "schemaName": "mcdev_ContainerNames"
          }
        },
        "Storage Account Name (mcdev_StorageAccountName)": {
          "defaultValue": "stgmcdmxtapedev",
          "type": "String",
          "metadata": {
            "schemaName": "mcdev_StorageAccountName"
          }
        }
      },
      "triggers": {
        "manual": {
          "metadata": {
            "operationMetadataId": "0fa82bc5-6951-4d1f-94ca-13f8c765149d"
          },
          "type": "Request",
          "kind": "PowerAppV2",
          "inputs": {
            "schema": {
              "type": "object",
              "properties": {
                "text": {
                  "description": "Please enter your input",
                  "title": "card_front",
                  "type": "string",
                  "x-ms-content-hint": "TEXT",
                  "x-ms-dynamically-added": true
                },
                "text_1": {
                  "title": "card_size_type",
                  "type": "string",
                  "x-ms-dynamically-added": true,
                  "description": "\"business card\",\"postcard\"",
                  "x-ms-content-hint": "TEXT"
                }
              },
              "required": [
                "text",
                "text_1"
              ]
            }
          }
        }
      },
      "actions": {
        "Lists_blobs_(V2)_cards_with_codes": {
          "runAfter": {
            "Compose_base64_of_front": [
              "Succeeded"
            ]
          },
          "metadata": {
            "JTJmYnVzaW5lc3NjYXJkc3dpdGhjb2Rlcw==": "/businesscardswithcodes",
            "operationMetadataId": "949eaa01-54f7-4f0d-b06d-97923f1423f1"
          },
          "type": "OpenApiConnection",
          "inputs": {
            "host": {
              "connectionName": "shared_azureblob",
              "operationId": "ListFolder_V4",
              "apiId": "/providers/Microsoft.PowerApps/apis/shared_azureblob"
            },
            "parameters": {
              "dataset": "@parameters('Storage Account Name (mcdev_StorageAccountName)')",
              "id": "@body('Parse_JSON_Container_Names')?['CONTAINER_NAME_DYNAMIC_AFTER']",
              "nextPageMarker": "",
              "useFlatListing": false
            },
            "authentication": "@parameters('$authentication')"
          }
        },
        "Initialize_variable_html_back": {
          "runAfter": {
            "Initialize_variable_html_front": [
              "Succeeded"
            ]
          },
          "metadata": {
            "operationMetadataId": "bf782746-23f9-43e2-afb5-10218b00f38c"
          },
          "type": "InitializeVariable",
          "inputs": {
            "variables": [
              {
                "name": "html_back",
                "type": "string",
                "value": "<html>\n<head>\n    <style>\n@{variables('html_css')}\n        .clear {\n            clear: both;\n        }\n    </style>\n</head>\n\n<body>\n  <!--  <div style=\"page-break-after: always;\"></div> -->\n    <div class=\"page\">\n        <!-- 8x repeat for test page -->\n\n        <div class=\"card\">\n            <img src=\"data:image/png;base64, @{outputs('Compose_base64_of_front')}\" >\n        </div>\n        <div class=\"card\">\n            <img src=\"data:image/png;base64, @{outputs('Compose_base64_of_front')}\" >\n        </div>\n\n        <div class=\"card\">\n            <img src=\"data:image/png;base64, @{outputs('Compose_base64_of_front')}\" >\n        </div>\n        <div class=\"card\">\n            <img src=\"data:image/png;base64, @{outputs('Compose_base64_of_front')}\" >\n        </div>\n\n        <div class=\"card\">\n            <img src=\"data:image/png;base64, @{outputs('Compose_base64_of_front')}\" >\n        </div>\n        <div class=\"card\">\n            <img src=\"data:image/png;base64, @{outputs('Compose_base64_of_front')}\" >\n        </div>\n\n        <div class=\"card\">\n            <img src=\"data:image/png;base64, @{outputs('Compose_base64_of_front')}\" >\n        </div>\n        <div class=\"card\">\n            <img src=\"data:image/png;base64, @{outputs('Compose_base64_of_front')}\" >\n        </div>\n        <!-- End of test block -->"
              }
            ]
          }
        },
        "Apply_to_each": {
          "foreach": "@outputs('Lists_blobs_(V2)_cards_with_codes')?['body/value']",
          "actions": {
            "Get_blob_content_(V2)": {
              "runAfter": {},
              "metadata": {
                "JTJmYnVzaW5lc3NjYXJkc3dpdGhjb2RlcyUyZmVsZXBoYW50LTEucG5n": "/businesscardswithcodes/elephant-1.png",
                "operationMetadataId": "c7d1379e-0a9c-4275-8544-3d7bfb922cc2"
              },
              "type": "OpenApiConnection",
              "inputs": {
                "host": {
                  "connectionName": "shared_azureblob",
                  "operationId": "GetFileContent_V2",
                  "apiId": "/providers/Microsoft.PowerApps/apis/shared_azureblob"
                },
                "parameters": {
                  "dataset": "@parameters('Storage Account Name (mcdev_StorageAccountName)')",
                  "id": "@item()?['Path']",
                  "inferContentType": true
                },
                "authentication": "@parameters('$authentication')"
              }
            },
            "Append_to_string_variable_back": {
              "runAfter": {
                "Compose_base64_of_back": [
                  "Succeeded"
                ]
              },
              "metadata": {
                "operationMetadataId": "550eea7d-38e6-473f-b096-49bc916d82da"
              },
              "type": "AppendToStringVariable",
              "inputs": {
                "name": "html_back",
                "value": "        <!-- Repeat this block for each card -->\n        <div class=\"card\">\n            <img src=\"data:image/png;base64, @{outputs('Compose_base64_of_back')}\" >\n        </div>\n\n        <!-- End of repeat block -->"
              }
            },
            "Compose_base64_of_back": {
              "runAfter": {
                "Get_blob_content_(V2)": [
                  "Succeeded"
                ]
              },
              "metadata": {
                "operationMetadataId": "ba2d496e-7e9a-4f64-93bf-7eb51ef0b36a"
              },
              "type": "Compose",
              "inputs": "@base64(body('Get_blob_content_(V2)'))"
            },
            "Append_to_string_variable_front": {
              "runAfter": {
                "Append_to_string_variable_back": [
                  "Succeeded"
                ]
              },
              "metadata": {
                "operationMetadataId": "33d3ccfa-a804-4152-9f09-0fab3242d4c6"
              },
              "type": "AppendToStringVariable",
              "inputs": {
                "name": "html_front",
                "value": "        <!-- Repeat this block for each card -->\n        <div class=\"card\">\n            <img src=\"data:image/png;base64, @{outputs('Compose_base64_of_front')}\" >\n        </div>\n\n        <!-- End of repeat block -->"
              }
            }
          },
          "runAfter": {
            "Initialize_variable_html_back": [
              "Succeeded"
            ]
          },
          "metadata": {
            "operationMetadataId": "8f6fc1c2-ae8d-436e-959f-7e31e26b168b"
          },
          "type": "Foreach",
          "runtimeConfiguration": {
            "concurrency": {
              "repetitions": 1
            }
          }
        },
        "Append_to_string_variable_close_tags_for_back": {
          "runAfter": {
            "Apply_to_each": [
              "Succeeded"
            ]
          },
          "metadata": {
            "operationMetadataId": "377d90fe-3a46-41f3-85d3-e371f34c325d"
          },
          "type": "AppendToStringVariable",
          "inputs": {
            "name": "html_back",
            "value": "    </div>\n</body>\n</html>"
          }
        },
        "Compose_back": {
          "runAfter": {
            "Append_to_string_variable_close_tags_for_front": [
              "Succeeded"
            ]
          },
          "metadata": {
            "operationMetadataId": "9c931f7c-2f3b-4f59-a59a-5321dfac0e3d"
          },
          "type": "Compose",
          "inputs": "@variables('html_back')"
        },
        "Create_blob_(V2)_back": {
          "runAfter": {
            "Compose_front": [
              "Succeeded"
            ]
          },
          "metadata": {
            "operationMetadataId": "7b70acd7-f9b9-4d66-8502-8c2158d79bc8"
          },
          "type": "OpenApiConnection",
          "inputs": {
            "host": {
              "connectionName": "shared_azureblob",
              "operationId": "CreateFile_V2",
              "apiId": "/providers/Microsoft.PowerApps/apis/shared_azureblob"
            },
            "parameters": {
              "dataset": "@parameters('Storage Account Name (mcdev_StorageAccountName)')",
              "folderPath": "@body('Parse_JSON_Container_Names')?['CONTAINER_NAME_HTML']",
              "name": "@{utcNow()}-back.html",
              "body": "@outputs('Compose_back')"
            },
            "authentication": "@parameters('$authentication')"
          },
          "runtimeConfiguration": {
            "contentTransfer": {
              "transferMode": "Chunked"
            }
          }
        },
        "Run_a_Child_Flow": {
          "runAfter": {
            "Create_blob_(V2)_front": [
              "Succeeded"
            ]
          },
          "metadata": {
            "operationMetadataId": "e39d2e3c-9c59-44f0-aa40-92bac6235482"
          },
          "type": "Workflow",
          "inputs": {
            "host": {
              "workflowReferenceName": "6eaa10f5-0b3e-ef11-8409-0022480a7409"
            },
            "body": {
              "text": "@outputs('Create_blob_(V2)_back')?['body/Path']"
            }
          }
        },
        "Get_blob_content_using_path_(V2)_card_front": {
          "runAfter": {
            "Parse_JSON_Container_Names": [
              "Succeeded"
            ]
          },
          "metadata": {
            "operationMetadataId": "b2115d9d-5795-470e-a43e-af44016f5a78"
          },
          "type": "OpenApiConnection",
          "inputs": {
            "host": {
              "connectionName": "shared_azureblob",
              "operationId": "GetFileContentByPath_V2",
              "apiId": "/providers/Microsoft.PowerApps/apis/shared_azureblob"
            },
            "parameters": {
              "dataset": "@parameters('Storage Account Name (mcdev_StorageAccountName)')",
              "path": "@{body('Parse_JSON_Container_Names')?['CONTAINER_NAME_STATIC_IMAGES']}/@{triggerBody()?['text']}",
              "inferContentType": true
            },
            "authentication": "@parameters('$authentication')"
          }
        },
        "Initialize_variable_html_front": {
          "runAfter": {
            "Switch": [
              "Succeeded"
            ]
          },
          "metadata": {
            "operationMetadataId": "3a39d4ea-ccac-4787-a61f-77f9dae0483c"
          },
          "type": "InitializeVariable",
          "inputs": {
            "variables": [
              {
                "name": "html_front",
                "type": "string",
                "value": "<html>\n<head>\n    <style>\n@{variables('html_css')}\n    </style>\n</head>\n\n<body>\n  <!--  <div style=\"page-break-after: always;\"></div> -->\n    <div class=\"page\">\n        <!-- 8x repeat for test page -->\n\n        <div class=\"card\">\n            <img src=\"data:image/png;base64, @{outputs('Compose_base64_of_front')}\" >\n        </div>\n        <div class=\"card\">\n            <img src=\"data:image/png;base64, @{outputs('Compose_base64_of_front')}\" >\n        </div>\n\n        <div class=\"card\">\n            <img src=\"data:image/png;base64, @{outputs('Compose_base64_of_front')}\" >\n        </div>\n        <div class=\"card\">\n            <img src=\"data:image/png;base64, @{outputs('Compose_base64_of_front')}\" >\n        </div>\n\n        <div class=\"card\">\n            <img src=\"data:image/png;base64, @{outputs('Compose_base64_of_front')}\" >\n        </div>\n        <div class=\"card\">\n            <img src=\"data:image/png;base64, @{outputs('Compose_base64_of_front')}\" >\n        </div>\n\n        <div class=\"card\">\n            <img src=\"data:image/png;base64, @{outputs('Compose_base64_of_front')}\" >\n        </div>\n        <div class=\"card\">\n            <img src=\"data:image/png;base64, @{outputs('Compose_base64_of_front')}\" >\n        </div>\n        <!-- End of test block -->"
              }
            ]
          }
        },
        "Compose_base64_of_front": {
          "runAfter": {
            "Get_blob_content_using_path_(V2)_card_front": [
              "Succeeded"
            ]
          },
          "metadata": {
            "operationMetadataId": "ad888c2e-3590-4f5c-88dc-be2fc00d3d32"
          },
          "type": "Compose",
          "inputs": "@base64(outputs('Get_blob_content_using_path_(V2)_card_front')?['body'])"
        },
        "Append_to_string_variable_close_tags_for_front": {
          "runAfter": {
            "Append_to_string_variable_close_tags_for_back": [
              "Succeeded"
            ]
          },
          "metadata": {
            "operationMetadataId": "37ce782e-84ac-47b9-b140-580cb77e3824"
          },
          "type": "AppendToStringVariable",
          "inputs": {
            "name": "html_front",
            "value": "    </div>\n</body>\n</html>"
          }
        },
        "Create_blob_(V2)_front": {
          "runAfter": {
            "Create_blob_(V2)_back": [
              "Succeeded"
            ]
          },
          "metadata": {
            "operationMetadataId": "7b70acd7-f9b9-4d66-8502-8c2158d79bc8"
          },
          "type": "OpenApiConnection",
          "inputs": {
            "host": {
              "connectionName": "shared_azureblob",
              "operationId": "CreateFile_V2",
              "apiId": "/providers/Microsoft.PowerApps/apis/shared_azureblob"
            },
            "parameters": {
              "dataset": "@parameters('Storage Account Name (mcdev_StorageAccountName)')",
              "folderPath": "@body('Parse_JSON_Container_Names')?['CONTAINER_NAME_HTML']",
              "name": "@{utcNow()}-front.html",
              "body": "@outputs('Compose_front')"
            },
            "authentication": "@parameters('$authentication')"
          },
          "runtimeConfiguration": {
            "contentTransfer": {
              "transferMode": "Chunked"
            }
          }
        },
        "Compose_front": {
          "runAfter": {
            "Compose_back": [
              "Succeeded"
            ]
          },
          "metadata": {
            "operationMetadataId": "9c931f7c-2f3b-4f59-a59a-5321dfac0e3d"
          },
          "type": "Compose",
          "inputs": "@variables('html_front')"
        },
        "Parse_JSON_Container_Names": {
          "runAfter": {},
          "metadata": {
            "operationMetadataId": "42123b37-9790-41dd-af33-7ccf50598454"
          },
          "type": "ParseJson",
          "inputs": {
            "content": "@parameters('Container Names (mcdev_ContainerNames)')",
            "schema": {
              "type": "object",
              "properties": {
                "CONTAINER_NAME_STATIC_IMAGES": {
                  "type": "string"
                },
                "CONTAINER_NAME_DYNAMIC_BEFORE": {
                  "type": "string"
                },
                "CONTAINER_NAME_DYNAMIC_AFTER": {
                  "type": "string"
                },
                "CONTAINER_NAME_HTML": {
                  "type": "string"
                },
                "CONTAINER_NAME_PDF": {
                  "type": "string"
                }
              }
            }
          }
        },
        "Switch": {
          "runAfter": {
            "Initialize_variable_html_css": [
              "Succeeded"
            ]
          },
          "cases": {
            "Case": {
              "case": "business card",
              "actions": {}
            },
            "Case_2": {
              "case": "postcard",
              "actions": {
                "Set_variable": {
                  "runAfter": {},
                  "metadata": {
                    "operationMetadataId": "472ad1b8-bbb1-4dea-85f5-95a497ff3145"
                  },
                  "type": "SetVariable",
                  "inputs": {
                    "name": "html_css",
                    "value": ".page {\n    width: 8.5in;\n    height: 11in;\n    display: grid;\n    grid-template-columns: repeat(2, 4.25in); /* 2 columns */\n    grid-template-rows: repeat(2, 5.5in); /* 2 rows */\n    grid-gap: 0in; /* Adjust gap between cards */\n}\n\n.card {\n    width: 4.25in; /* Adjusted width */\n    height: 5.5in; /* Adjusted height */\n    margin: 0;\n}\n\n.card img {\n    width: 100%;\n    height: 100%;\n    object-fit: contain;\n}"
                  }
                }
              }
            }
          },
          "default": {
            "actions": {}
          },
          "expression": "@triggerBody()['text_1']",
          "metadata": {
            "operationMetadataId": "a2c92c1f-1fdb-45a0-8265-d296e9969f34"
          },
          "type": "Switch"
        },
        "Initialize_variable_html_css": {
          "runAfter": {
            "Lists_blobs_(V2)_cards_with_codes": [
              "Succeeded"
            ]
          },
          "metadata": {
            "operationMetadataId": "b6c107bb-727b-4aa3-8832-87fb93c05646"
          },
          "type": "InitializeVariable",
          "inputs": {
            "variables": [
              {
                "name": "html_css",
                "type": "string",
                "value": ".page {\n    width: 8.5in;\n    height: 11in;\n    display: grid;\n    grid-template-columns: repeat(2, 4.25in); /* 2 columns */\n    grid-gap: 0in; /* Adjust gap between cards */\n}\n\n.card {\n    width: 4.2in; /* Adjusted width (3.5 * 1.2) */\n    height: 2.7in; /* Adjusted height (2.0 * 1.2)  = 2.4, tried 3. */\n    margin: 0;\n}\n\n.card img {\n    width: 100%;\n    height: 100%;\n    object-fit: contain;\n}\n"
              }
            ]
          }
        }
      }
    },
    "templateName": ""
  },
  "schemaVersion": "1.0.0.0"
}