{
  "properties": {
    "connectionReferences": {},
    "definition": {
      "$schema": "https://schema.management.azure.com/providers/Microsoft.Logic/schemas/2016-06-01/workflowdefinition.json#",
      "contentVersion": "1.0.0.0",
      "parameters": {
        "$authentication": {
          "defaultValue": {},
          "type": "SecureObject"
        },
        "$connections": {
          "defaultValue": {},
          "type": "Object"
        }
      },
      "triggers": {
        "manual": {
          "metadata": {
            "operationMetadataId": "68c3bdac-1e22-48a4-ba53-84fa725e74c6"
          },
          "type": "Request",
          "kind": "PowerAppV2",
          "inputs": {
            "schema": {
              "type": "object",
              "properties": {
                "text": {
                  "title": "AssemblyJSON",
                  "type": "string",
                  "x-ms-dynamically-added": true,
                  "description": "Please enter your input",
                  "x-ms-content-hint": "TEXT"
                }
              },
              "required": [
                "text"
              ]
            }
          }
        }
      },
      "actions": {
        "Parse_JSON_for_Assembly": {
          "runAfter": {},
          "metadata": {
            "operationMetadataId": "033c36ae-bb93-45b9-97f3-6a2a52912605"
          },
          "type": "ParseJson",
          "inputs": {
            "content": "@triggerBody()?['text']",
            "schema": {
              "type": "array",
              "items": {
                "type": "object",
                "properties": {
                  "Borders": {
                    "type": "array",
                    "items": {
                      "type": "object",
                      "properties": {
                        "CardBorderName": {
                          "type": "string"
                        },
                        "IllustrationName": {
                          "type": "string"
                        },
                        "card": {
                          "type": "string"
                        },
                        "cardBorder": {
                          "type": "string"
                        },
                        "cardBorderActivity": {
                          "type": "string"
                        },
                        "illustration": {
                          "type": "string"
                        }
                      },
                      "required": [
                        "CardBorderName",
                        "IllustrationName",
                        "card",
                        "cardBorder",
                        "cardBorderActivity",
                        "illustration"
                      ]
                    }
                  },
                  "Card": {
                    "type": "string"
                  },
                  "Illustrations": {
                    "type": "array",
                    "items": {
                      "type": "object",
                      "properties": {
                        "CardBorderName": {
                          "type": "string"
                        },
                        "IllustrationName": {
                          "type": "string"
                        },
                        "card": {
                          "type": "string"
                        },
                        "cardBorder": {
                          "type": "string"
                        },
                        "illustration": {
                          "type": "string"
                        },
                        "illustrationActivity": {
                          "type": "string"
                        }
                      },
                      "required": [
                        "CardBorderName",
                        "IllustrationName",
                        "card",
                        "cardBorder",
                        "illustration",
                        "illustrationActivity"
                      ]
                    }
                  }
                },
                "required": [
                  "Borders",
                  "Card",
                  "Illustrations"
                ]
              }
            }
          }
        },
        "Apply_to_each_Card_in_the_assembly": {
          "foreach": "@body('Parse_JSON_for_Assembly')",
          "actions": {
            "Compose_card_ID": {
              "metadata": {
                "operationMetadataId": "40b0632b-7d31-4505-beac-adcde411a91f"
              },
              "type": "Compose",
              "inputs": "@items('Apply_to_each_Card_in_the_assembly')?['card']"
            },
            "Compose_union_of_illustrations_and_borders": {
              "runAfter": {
                "Select_borders": [
                  "Succeeded"
                ]
              },
              "metadata": {
                "operationMetadataId": "124e1511-0c50-4e23-99c6-0f82c5f5d71c"
              },
              "type": "Compose",
              "inputs": "@union(body('Select_borders'),body('Select_illustrations'))"
            },
            "Compose_illustrations": {
              "runAfter": {
                "Compose_card_ID": [
                  "Succeeded"
                ]
              },
              "metadata": {
                "operationMetadataId": "a98ad73a-eb3d-42d1-8a88-79a9d4d72d17"
              },
              "type": "Compose",
              "inputs": "@items('Apply_to_each_Card_in_the_assembly')['Illustrations']"
            },
            "Compose_borders": {
              "runAfter": {
                "Select_illustrations": [
                  "Succeeded"
                ]
              },
              "metadata": {
                "operationMetadataId": "c4516fde-9aaa-46ad-93c4-7392e44da681"
              },
              "type": "Compose",
              "inputs": "@items('Apply_to_each_Card_in_the_assembly')[\r\n'Borders']"
            },
            "Set_variable_activityArray_clear": {
              "runAfter": {
                "Condition": [
                  "Succeeded"
                ]
              },
              "metadata": {
                "operationMetadataId": "a246cf7c-b158-471e-91ed-0abb710bce1b"
              },
              "type": "SetVariable",
              "inputs": {
                "name": "activityArray",
                "value": []
              }
            },
            "Condition": {
              "actions": {},
              "runAfter": {
                "Run_a_Child_Flow": [
                  "Succeeded"
                ]
              },
              "else": {
                "actions": {}
              },
              "expression": {
                "equals": [
                  0,
                  1
                ]
              },
              "metadata": {
                "operationMetadataId": "485ae3ca-7ee7-421f-8b6b-e4e0d6548a3e"
              },
              "type": "If"
            },
            "Select_borders": {
              "runAfter": {
                "Compose_borders": [
                  "Succeeded"
                ]
              },
              "metadata": {
                "operationMetadataId": "cae83dbb-edec-41ca-a01a-4b53a569e375"
              },
              "type": "Select",
              "inputs": {
                "from": "@outputs('Compose_borders')",
                "select": {
                  "GUID": "@item()['cardBorderActivity']"
                }
              }
            },
            "Select_illustrations": {
              "runAfter": {
                "Compose_illustrations": [
                  "Succeeded"
                ]
              },
              "metadata": {
                "operationMetadataId": "67685992-83bf-4a5f-b74c-267920b0e94f"
              },
              "type": "Select",
              "inputs": {
                "from": "@outputs('Compose_illustrations')",
                "select": {
                  "GUID": "@item()['illustrationActivity']"
                }
              }
            },
            "Compose_flatten_array": {
              "runAfter": {
                "Compose_union_of_illustrations_and_borders": [
                  "Succeeded"
                ]
              },
              "metadata": {
                "operationMetadataId": "60949145-f984-495f-9430-cd4c0d5337ce"
              },
              "type": "Compose",
              "inputs": "@outputs('Compose_union_of_illustrations_and_borders')"
            },
            "Compose_replace_tag": {
              "runAfter": {
                "Compose_flatten_array": [
                  "Succeeded"
                ]
              },
              "metadata": {
                "operationMetadataId": "3cc27979-ff2f-4720-9359-968ab49ccf62"
              },
              "type": "Compose",
              "inputs": "@replace(string(outputs('Compose_flatten_array')),'\"GUID\":','')"
            },
            "Compose_replace_brackets": {
              "runAfter": {
                "Compose_replace_tag": [
                  "Succeeded"
                ]
              },
              "metadata": {
                "operationMetadataId": "59ab6580-7328-4683-b751-ce605e12273a"
              },
              "type": "Compose",
              "inputs": "@replace(replace(outputs('Compose_replace_tag'),'{',''),'}','')"
            },
            "Run_a_Child_Flow": {
              "runAfter": {
                "Compose_replace_brackets": [
                  "Succeeded"
                ]
              },
              "metadata": {
                "operationMetadataId": "1c76fcff-507d-46bd-bbc8-3d5275478321"
              },
              "type": "Workflow",
              "inputs": {
                "host": {
                  "workflowReferenceName": "485bb4b7-395b-ef11-bfe2-000d3a5a233e"
                },
                "body": {
                  "text": "@outputs('Compose_card_ID')",
                  "text_1": "@outputs('Compose_replace_brackets')",
                  "number": 1
                }
              }
            }
          },
          "runAfter": {
            "Initialize_variable_activityArray": [
              "Succeeded"
            ]
          },
          "metadata": {
            "operationMetadataId": "f8f864b9-46a6-4c40-94bb-4e7f03385100"
          },
          "type": "Foreach",
          "runtimeConfiguration": {
            "concurrency": {
              "repetitions": 20
            }
          }
        },
        "Initialize_variable_activityArray": {
          "runAfter": {
            "Parse_JSON_for_Assembly": [
              "Succeeded"
            ]
          },
          "metadata": {
            "operationMetadataId": "b229ef10-caba-4abd-8ca0-445569d579c2"
          },
          "type": "InitializeVariable",
          "inputs": {
            "variables": [
              {
                "name": "activityArray",
                "type": "array"
              }
            ]
          }
        }
      }
    },
    "templateName": null
  },
  "schemaVersion": "1.0.0.0"
}