{
  "properties": {
    "connectionReferences": {
      "shared_commondataserviceforapps": {
        "runtimeSource": "embedded",
        "connection": {
          "connectionReferenceLogicalName": "mcdev_sharedcommondataserviceforapps_91521"
        },
        "api": {
          "name": "shared_commondataserviceforapps"
        }
      },
      "shared_onedriveforbusiness": {
        "runtimeSource": "invoker",
        "connection": {
          "connectionReferenceLogicalName": "new_sharedonedriveforbusiness_c952b"
        },
        "api": {
          "name": "shared_onedriveforbusiness"
        }
      },
      "shared_azureblob-2": {
        "runtimeSource": "invoker",
        "connection": {
          "connectionReferenceLogicalName": "new_sharedazureblob_aa2b0"
        },
        "api": {
          "name": "shared_azureblob"
        }
      }
    },
    "definition": {
      "$schema": "https://schema.management.azure.com/providers/Microsoft.Logic/schemas/2016-06-01/workflowdefinition.json#",
      "contentVersion": "1.0.0.0",
      "parameters": {
        "$authentication": {
          "defaultValue": {},
          "type": "SecureObject"
        },
        "$connections": {
          "defaultValue": {},
          "type": "Object"
        }
      },
      "triggers": {
        "manual": {
          "metadata": {
            "operationMetadataId": "e9e9906b-68c7-4055-9dd1-2e9ebe9a5f16"
          },
          "type": "Request",
          "kind": "PowerAppV2",
          "inputs": {
            "schema": {
              "type": "object",
              "properties": {
                "text": {
                  "description": "Please enter your input",
                  "title": "GUID",
                  "type": "string",
                  "x-ms-content-hint": "TEXT",
                  "x-ms-dynamically-added": true
                }
              },
              "required": [
                "text"
              ]
            }
          }
        }
      },
      "actions": {
        "Respond_to_a_Power_App_or_flow": {
          "runAfter": {
            "Create_file_(PDF)": [
              "Succeeded"
            ]
          },
          "metadata": {
            "operationMetadataId": "c958d62b-4763-4f85-8fe2-486d8b2821f5"
          },
          "type": "Response",
          "kind": "PowerApp",
          "inputs": {
            "schema": {
              "type": "object",
              "properties": {
                "status": {
                  "title": "Status",
                  "x-ms-dynamically-added": true,
                  "type": "string"
                },
                "message": {
                  "title": "Message",
                  "x-ms-dynamically-added": true,
                  "type": "string"
                }
              },
              "additionalProperties": {}
            },
            "statusCode": 200,
            "body": {
              "status": "200",
              "message": "PDF created"
            }
          }
        },
        "Get_a_row_by_ID": {
          "runAfter": {
            "Lists_blobs_(V2)": [
              "Succeeded"
            ]
          },
          "metadata": {
            "operationMetadataId": "132ffd4e-1f3f-4f5f-b7c6-6f06578ec763"
          },
          "type": "OpenApiConnection",
          "inputs": {
            "parameters": {
              "entityName": "mcdev_decks",
              "recordId": "@triggerBody()?['text']"
            },
            "host": {
              "apiId": "/providers/Microsoft.PowerApps/apis/shared_commondataserviceforapps",
              "operationId": "GetItem",
              "connectionName": "shared_commondataserviceforapps"
            }
          }
        },
        "List_rows": {
          "runAfter": {
            "Get_a_row_by_ID": [
              "Succeeded"
            ]
          },
          "metadata": {
            "operationMetadataId": "4131fb09-e087-4e06-969b-cc934e6622ee"
          },
          "type": "OpenApiConnection",
          "inputs": {
            "parameters": {
              "entityName": "new_invoices",
              "$filter": "mcdev_Deck/mcdev_deckid eq '@{body('Get_a_row_by_ID')?['mcdev_deckid']}'"
            },
            "host": {
              "apiId": "/providers/Microsoft.PowerApps/apis/shared_commondataserviceforapps",
              "operationId": "ListRecords",
              "connectionName": "shared_commondataserviceforapps"
            }
          }
        },
        "Initialize_variable_html_front": {
          "runAfter": {
            "List_rows": [
              "Succeeded"
            ]
          },
          "metadata": {
            "operationMetadataId": "eb5db6ed-4f9a-45f3-9cd3-869c59e014c5"
          },
          "type": "InitializeVariable",
          "inputs": {
            "variables": [
              {
                "name": "html_front",
                "type": "string",
                "value": "<html>\n<head>\n    <style>\n        .page {\n            width: 8.5in;\n            height: 11in;\n            padding: 0.25in; /* Adjusted to allow for margins */\n            box-sizing: border-box;\n            margin-top: 1.25 in; /* Adjust this value as needed */\n        }\n        .card {\n            box-sizing: border-box;\n            width: 3.75in; /* Width of card including crop marks */\n            height: 2.25in; /* Height of card including crop marks */\n            float: left;\n            margin: 0.125in; /* Space between cards *\n            border: 1px solid black;\n            page-break-after: always; /* Force a page break after every card */\n            page-break-before: avoid; /* Avoid a page break before every card */\n        }\n        .card img {\n            max-width: 100%;\n            height: auto;\n        }\n        .clear {\n            clear: both;\n        }\n    </style>\n</head>\n\n<body>\n  <!--  <div style=\"page-break-after: always;\"></div> -->\n    <div class=\"page\">"
              }
            ]
          }
        },
        "Append_to_html_front_with_closing_tags": {
          "runAfter": {
            "Apply_to_each": [
              "Succeeded"
            ]
          },
          "metadata": {
            "operationMetadataId": "b2a27264-2814-4f66-a46d-920c8f6063c7"
          },
          "type": "AppendToStringVariable",
          "inputs": {
            "name": "html_front",
            "value": "    </div>\n</body>\n</html>"
          }
        },
        "Apply_to_each": {
          "foreach": "@outputs('List_rows')?['body/value']",
          "actions": {
            "Append_to_string_variable_for_each_card": {
              "metadata": {
                "operationMetadataId": "905b2030-1a3b-4d90-9c18-b6b5203c0418"
              },
              "type": "AppendToStringVariable",
              "inputs": {
                "name": "html_front",
                "value": "        <!-- Repeat this block for each card -->\n        <div class=\"card\">\n            <img src=\"data:image/png;base64,@{items('Apply_to_each')?['mcdev_QRCode']}\" \n               alt=\"@{item()?['new_name']}\">\n        </div>\n        <!-- Add a 'clear' div after every 2 cards to ensure proper layout -->\n        <div class=\"clear\"></div>\n        <!-- End of repeat block -->"
              }
            }
          },
          "runAfter": {
            "Initialize_variable_html_front": [
              "Succeeded"
            ]
          },
          "metadata": {
            "operationMetadataId": "2fd9ea45-db01-4df6-b34e-d59bf2f44d19"
          },
          "type": "Foreach"
        },
        "Create_file": {
          "runAfter": {
            "Append_to_html_front_with_closing_tags": [
              "Succeeded"
            ]
          },
          "metadata": {
            "operationMetadataId": "94a3d04b-805f-45f0-82a7-647de7a635f2"
          },
          "type": "OpenApiConnection",
          "inputs": {
            "parameters": {
              "folderPath": "/02 Model Citizen Developer/35 business card generator/sheets",
              "name": "@{body('Get_a_row_by_ID')?['mcdev_name']}-@{utcNow()}.html",
              "body": "@variables('html_front')"
            },
            "host": {
              "apiId": "/providers/Microsoft.PowerApps/apis/shared_onedriveforbusiness",
              "operationId": "CreateFile",
              "connectionName": "shared_onedriveforbusiness"
            }
          },
          "runtimeConfiguration": {
            "contentTransfer": {
              "transferMode": "Chunked"
            }
          }
        },
        "Convert_file": {
          "runAfter": {
            "Create_file": [
              "Succeeded"
            ]
          },
          "metadata": {
            "operationMetadataId": "1e190e22-fc80-49c2-81d6-77657d04c905"
          },
          "type": "OpenApiConnection",
          "inputs": {
            "parameters": {
              "id": "@outputs('Create_file')?['body/Id']",
              "type": "PDF"
            },
            "host": {
              "apiId": "/providers/Microsoft.PowerApps/apis/shared_onedriveforbusiness",
              "operationId": "ConvertFile",
              "connectionName": "shared_onedriveforbusiness"
            }
          }
        },
        "Create_file_(PDF)": {
          "runAfter": {
            "Convert_file": [
              "Succeeded"
            ]
          },
          "metadata": {
            "operationMetadataId": "f1c0d255-caed-4ba0-8a73-95ed94339d45"
          },
          "type": "OpenApiConnection",
          "inputs": {
            "parameters": {
              "folderPath": "/02 Model Citizen Developer/35 business card generator/sheets",
              "name": "@outputs('Convert_file')?['headers/x-ms-file-name']",
              "body": "@body('Convert_file')"
            },
            "host": {
              "apiId": "/providers/Microsoft.PowerApps/apis/shared_onedriveforbusiness",
              "operationId": "CreateFile",
              "connectionName": "shared_onedriveforbusiness"
            }
          },
          "runtimeConfiguration": {
            "contentTransfer": {
              "transferMode": "Chunked"
            }
          }
        },
        "Lists_blobs_(V2)": {
          "runAfter": {},
          "metadata": {
            "JTJmYnVzaW5lc3NjYXJkcw==": "/businesscards"
          },
          "type": "OpenApiConnection",
          "inputs": {
            "parameters": {
              "dataset": "modelcitizendev01cards01",
              "id": "JTJmYnVzaW5lc3NjYXJkcw==",
              "nextPageMarker": "",
              "useFlatListing": false
            },
            "host": {
              "apiId": "/providers/Microsoft.PowerApps/apis/shared_azureblob",
              "operationId": "ListFolder_V4",
              "connectionName": "shared_azureblob-2"
            }
          }
        }
      }
    },
    "templateName": null
  },
  "schemaVersion": "1.0.0.0"
}