{
  "properties": {
    "connectionReferences": {
      "shared_commondataserviceforapps": {
        "runtimeSource": "embedded",
        "connection": {
          "connectionReferenceLogicalName": "mcdev_sharedcommondataserviceforapps_e4e75"
        },
        "api": {
          "name": "shared_commondataserviceforapps"
        }
      }
    },
    "definition": {
      "$schema": "https://schema.management.azure.com/providers/Microsoft.Logic/schemas/2016-06-01/workflowdefinition.json#",
      "contentVersion": "1.0.0.0",
      "parameters": {
        "$connections": {
          "defaultValue": {},
          "type": "Object"
        },
        "$authentication": {
          "defaultValue": {},
          "type": "SecureObject"
        },
        "trip_card_template (mcdev_trip_card_template)": {
          "defaultValue": "1c3ffcbf-8674-ef11-a670-000d3a5ca663",
          "type": "String",
          "metadata": {
            "schemaName": "mcdev_trip_card_template"
          }
        }
      },
      "triggers": {
        "manual": {
          "metadata": {
            "operationMetadataId": "e5b27e3a-b09f-4004-a8cf-a98b7eb130f9"
          },
          "type": "Request",
          "kind": "PowerPages",
          "inputs": {
            "schema": {
              "type": "object",
              "properties": {},
              "required": []
            }
          }
        }
      },
      "actions": {
        "Return_value(s)_to_Power_Pages": {
          "runAfter": {
            "Get_a_row_by_ID": [
              "Succeeded"
            ]
          },
          "metadata": {
            "operationMetadataId": "e970df18-4a97-43f7-b89a-be73200ae66f"
          },
          "type": "Response",
          "kind": "PowerPages",
          "inputs": {
            "statusCode": 200,
            "body": {
              "statuscode": "200",
              "url": "@outputs('Get_a_row_by_ID')?['body/mcdev_qrcodeurl']"
            },
            "schema": {
              "type": "object",
              "properties": {
                "statuscode": {
                  "title": "StatusCode",
                  "x-ms-dynamically-added": true,
                  "type": "string"
                },
                "url": {
                  "title": "URL",
                  "x-ms-dynamically-added": true,
                  "type": "string"
                }
              }
            }
          }
        },
        "Run_a_Child_Flow": {
          "runAfter": {},
          "metadata": {
            "operationMetadataId": "be44196c-19a3-42e3-8398-ce25fa128f71"
          },
          "type": "Workflow",
          "inputs": {
            "host": {
              "workflowReferenceName": "485bb4b7-395b-ef11-bfe2-000d3a5a233e"
            },
            "body": {
              "text": "@parameters('trip_card_template (mcdev_trip_card_template)')",
              "text_1": "[\"5a70231d-ca60-ef11-bfe2-000d3a31080d\"]",
              "number": 0
            }
          }
        },
        "Compose": {
          "runAfter": {
            "Run_a_Child_Flow": [
              "Succeeded"
            ]
          },
          "metadata": {
            "operationMetadataId": "c6848e5a-c604-4db5-bff0-77bbb584be76"
          },
          "type": "Compose",
          "inputs": "@body('Run_a_Child_Flow')?['body']"
        },
        "Parse_JSON": {
          "runAfter": {
            "Compose": [
              "Succeeded"
            ]
          },
          "metadata": {
            "operationMetadataId": "08e74dc6-ae59-4f14-9abe-f6045b5b6329"
          },
          "type": "ParseJson",
          "inputs": {
            "content": "@outputs('Compose')",
            "schema": {
              "type": "array",
              "items": {
                "type": "string"
              }
            }
          }
        },
        "Get_a_row_by_ID": {
          "runAfter": {
            "Parse_JSON": [
              "Succeeded"
            ]
          },
          "metadata": {
            "operationMetadataId": "1df942b4-ecd7-45b1-9362-7f77d659d4d0"
          },
          "type": "OpenApiConnection",
          "inputs": {
            "host": {
              "connectionName": "shared_commondataserviceforapps",
              "operationId": "GetItem",
              "apiId": "/providers/Microsoft.PowerApps/apis/shared_commondataserviceforapps"
            },
            "parameters": {
              "entityName": "new_invoices",
              "recordId": "@first(body('Parse_JSON'))"
            },
            "authentication": "@parameters('$authentication')"
          }
        }
      }
    },
    "templateName": ""
  },
  "schemaVersion": "1.0.0.0"
}