{
  "properties": {
    "connectionReferences": {
      "shared_excelonlinebusiness": {
        "runtimeSource": "invoker",
        "connection": {
          "connectionReferenceLogicalName": "mcdev_sharedexcelonlinebusiness_7b41b"
        },
        "api": {
          "name": "shared_excelonlinebusiness"
        }
      }
    },
    "definition": {
      "$schema": "https://schema.management.azure.com/providers/Microsoft.Logic/schemas/2016-06-01/workflowdefinition.json#",
      "contentVersion": "1.0.0.0",
      "parameters": {
        "$connections": {
          "defaultValue": {},
          "type": "Object"
        },
        "$authentication": {
          "defaultValue": {},
          "type": "SecureObject"
        }
      },
      "triggers": {
        "manual": {
          "metadata": {
            "operationMetadataId": "41454bcd-d63d-43b7-a1f1-9097d4b4c3c7"
          },
          "type": "Request",
          "kind": "PowerAppV2",
          "inputs": {
            "schema": {
              "type": "object",
              "properties": {
                "text": {
                  "title": "DeckGUID",
                  "type": "string",
                  "x-ms-dynamically-added": true,
                  "description": "Please enter your input",
                  "x-ms-content-hint": "TEXT"
                },
                "text_1": {
                  "title": "ExcelPath",
                  "type": "string",
                  "x-ms-dynamically-added": true,
                  "description": "Please enter your input",
                  "x-ms-content-hint": "TEXT"
                }
              },
              "required": [
                "text",
                "text_1"
              ]
            }
          }
        }
      },
      "actions": {
        "List_rows_present_in_a_table": {
          "runAfter": {},
          "metadata": {
            "013SU2W3RZRTVNXRFM3JB3AFVMTSDVQNMX": "/02 Model Citizen Developer/41 suzie/Suzie 2024-08-20.xlsx",
            "operationMetadataId": "972506f2-6b0b-4f28-bb54-69b28d12f1c7",
            "tableId": "{1F925A8F-0101-40D6-8BEB-CFA08F10A274}"
          },
          "type": "OpenApiConnection",
          "inputs": {
            "host": {
              "connectionName": "shared_excelonlinebusiness",
              "operationId": "GetItems",
              "apiId": "/providers/Microsoft.PowerApps/apis/shared_excelonlinebusiness"
            },
            "parameters": {
              "source": "me",
              "drive": "b!WMpzua-XyU-SfIb-E2TO-VGHFVvkCctNuyK-YDNnMqxbzDhJsjVLSbOIfK6CdU1m",
              "file": "013SU2W3RZRTVNXRFM3JB3AFVMTSDVQNMX",
              "table": "{1F925A8F-0101-40D6-8BEB-CFA08F10A274}"
            },
            "authentication": "@parameters('$authentication')"
          }
        }
      }
    },
    "templateName": ""
  },
  "schemaVersion": "1.0.0.0"
}