{
  "properties": {
    "connectionReferences": {
      "shared_azureblob": {
        "runtimeSource": "invoker",
        "connection": {
          "connectionReferenceLogicalName": "new_sharedazureblob_aa2b0"
        },
        "api": {
          "name": "shared_azureblob"
        }
      }
    },
    "definition": {
      "$schema": "https://schema.management.azure.com/providers/Microsoft.Logic/schemas/2016-06-01/workflowdefinition.json#",
      "contentVersion": "1.0.0.0",
      "parameters": {
        "$connections": {
          "defaultValue": {},
          "type": "Object"
        },
        "$authentication": {
          "defaultValue": {},
          "type": "SecureObject"
        },
        "Container Names (mcdev_ContainerNames)": {
          "defaultValue": {
            "CONTAINER_NAME_STATIC_IMAGES": "dev-static-images",
            "CONTAINER_NAME_DYNAMIC_BEFORE": "dev-placeholder-images",
            "CONTAINER_NAME_DYNAMIC_AFTER": "dev-dynamic-images",
            "CONTAINER_NAME_HTML": "dev-html-renderings",
            "CONTAINER_NAME_PDF": "dev-pdf-files"
          },
          "type": "Object",
          "metadata": {
            "schemaName": "mcdev_ContainerNames"
          }
        },
        "Storage Account Name (mcdev_StorageAccountName)": {
          "defaultValue": "stgmcdmxtapedev",
          "type": "String",
          "metadata": {
            "schemaName": "mcdev_StorageAccountName"
          }
        }
      },
      "triggers": {
        "manual": {
          "metadata": {
            "operationMetadataId": "9883977d-6ab2-4e63-9f02-c8aefed776f8"
          },
          "type": "Request",
          "kind": "PowerAppV2",
          "inputs": {
            "schema": {
              "type": "object",
              "properties": {},
              "required": []
            }
          }
        }
      },
      "actions": {
        "Lists_blobs_(V2)": {
          "runAfter": {
            "Parse_JSON_Container_Names": [
              "Succeeded"
            ]
          },
          "metadata": {
            "JTJmYnVzaW5lc3NjYXJkZnJvbnQ=": "/businesscardfront",
            "operationMetadataId": "a0722269-7a3f-4bf6-b6fb-cb035cd2c1f0"
          },
          "type": "OpenApiConnection",
          "inputs": {
            "host": {
              "connectionName": "shared_azureblob",
              "operationId": "ListFolder_V4",
              "apiId": "/providers/Microsoft.PowerApps/apis/shared_azureblob"
            },
            "parameters": {
              "dataset": "@parameters('Storage Account Name (mcdev_StorageAccountName)')",
              "id": "@body('Parse_JSON_Container_Names')?['CONTAINER_NAME_STATIC_IMAGES']",
              "nextPageMarker": "",
              "useFlatListing": false
            },
            "authentication": "@parameters('$authentication')"
          }
        },
        "Respond_to_a_Power_App_or_flow": {
          "runAfter": {
            "Compose": [
              "Succeeded"
            ]
          },
          "metadata": {
            "operationMetadataId": "62394255-325b-45f6-ac0f-3722d5b8b743"
          },
          "type": "Response",
          "kind": "PowerApp",
          "inputs": {
            "statusCode": 200,
            "body": {
              "cards": "@outputs('Compose')"
            },
            "schema": {
              "type": "object",
              "properties": {
                "cards": {
                  "title": "cards",
                  "x-ms-dynamically-added": true,
                  "type": "string"
                }
              }
            }
          }
        },
        "Apply_to_each": {
          "foreach": "@outputs('Lists_blobs_(V2)')?['body/value']",
          "actions": {
            "Append_to_array_variable": {
              "runAfter": {},
              "metadata": {
                "operationMetadataId": "e91bc768-40fb-43f7-99b7-94a440bebd29"
              },
              "type": "AppendToArrayVariable",
              "inputs": {
                "name": "cards",
                "value": "@item()?['Name']"
              }
            }
          },
          "runAfter": {
            "Initialize_variable": [
              "Succeeded"
            ]
          },
          "metadata": {
            "operationMetadataId": "44ceced8-1ee9-42cf-b410-df8e66ecb4c0"
          },
          "type": "Foreach"
        },
        "Initialize_variable": {
          "runAfter": {
            "Lists_blobs_(V2)": [
              "Succeeded"
            ]
          },
          "metadata": {
            "operationMetadataId": "04fd957a-cb57-47d8-8bd7-a67625ae9951"
          },
          "type": "InitializeVariable",
          "inputs": {
            "variables": [
              {
                "name": "cards",
                "type": "array"
              }
            ]
          }
        },
        "Compose": {
          "runAfter": {
            "Apply_to_each": [
              "Succeeded"
            ]
          },
          "metadata": {
            "operationMetadataId": "131cdb18-33b4-41da-a854-ff305e63867e"
          },
          "type": "Compose",
          "inputs": "@string(variables('cards'))"
        },
        "Parse_JSON_Container_Names": {
          "runAfter": {},
          "metadata": {
            "operationMetadataId": "bf8ccbec-9697-4fc2-9486-64a80dcda54b"
          },
          "type": "ParseJson",
          "inputs": {
            "content": "@parameters('Container Names (mcdev_ContainerNames)')",
            "schema": {
              "type": "object",
              "properties": {
                "CONTAINER_NAME_STATIC_IMAGES": {
                  "type": "string"
                },
                "CONTAINER_NAME_DYNAMIC_BEFORE": {
                  "type": "string"
                },
                "CONTAINER_NAME_DYNAMIC_AFTER": {
                  "type": "string"
                },
                "CONTAINER_NAME_HTML": {
                  "type": "string"
                },
                "CONTAINER_NAME_PDF": {
                  "type": "string"
                }
              }
            }
          }
        }
      }
    },
    "templateName": ""
  },
  "schemaVersion": "1.0.0.0"
}