{
  "properties": {
    "connectionReferences": {
      "shared_commondataserviceforapps-1": {
        "runtimeSource": "embedded",
        "connection": {
          "connectionReferenceLogicalName": "mcdev_sharedcommondataserviceforapps_e4e75"
        },
        "api": {
          "name": "shared_commondataserviceforapps"
        }
      },
      "shared_azureblob_1": {
        "runtimeSource": "embedded",
        "connection": {
          "connectionReferenceLogicalName": "new_sharedazureblob_aa2b0"
        },
        "api": {
          "name": "shared_azureblob"
        }
      }
    },
    "definition": {
      "$schema": "https://schema.management.azure.com/providers/Microsoft.Logic/schemas/2016-06-01/workflowdefinition.json#",
      "contentVersion": "1.0.0.0",
      "parameters": {
        "$connections": {
          "defaultValue": {},
          "type": "Object"
        },
        "$authentication": {
          "defaultValue": {},
          "type": "SecureObject"
        },
        "OverlayFunctionURI (mcdev_OverlayFunctionURI)": {
          "defaultValue": "https://fa-mcd-mxtape-dev.azurewebsites.net/api/http_qrOverlay",
          "type": "String",
          "metadata": {
            "schemaName": "mcdev_OverlayFunctionURI"
          }
        },
        "Container Names (mcdev_ContainerNames)": {
          "defaultValue": {
            "CONTAINER_NAME_STATIC_IMAGES": "dev-static-images",
            "CONTAINER_NAME_DYNAMIC_BEFORE": "dev-placeholder-images",
            "CONTAINER_NAME_DYNAMIC_AFTER": "dev-dynamic-images",
            "CONTAINER_NAME_HTML": "dev-html-renderings",
            "CONTAINER_NAME_PDF": "dev-pdf-files"
          },
          "type": "Object",
          "metadata": {
            "schemaName": "mcdev_ContainerNames"
          }
        },
        "Storage Account Name (mcdev_StorageAccountName)": {
          "defaultValue": "stgmcdmxtapedev",
          "type": "String",
          "metadata": {
            "schemaName": "mcdev_StorageAccountName"
          }
        }
      },
      "triggers": {
        "manual": {
          "metadata": {
            "operationMetadataId": "e9e9906b-68c7-4055-9dd1-2e9ebe9a5f16"
          },
          "type": "Request",
          "kind": "PowerAppV2",
          "inputs": {
            "schema": {
              "type": "object",
              "properties": {
                "text": {
                  "title": "MztapeCardGUID",
                  "type": "string",
                  "x-ms-dynamically-added": true,
                  "description": "Please enter your input",
                  "x-ms-content-hint": "TEXT"
                },
                "text_1": {
                  "description": "Please enter your input",
                  "title": "TripGUIDs",
                  "type": "string",
                  "x-ms-content-hint": "TEXT",
                  "x-ms-dynamically-added": true
                }
              },
              "required": [
                "text",
                "text_1"
              ]
            }
          }
        }
      },
      "actions": {
        "Respond_to_a_Power_App_or_flow": {
          "runAfter": {
            "Condition_test_if_TripGUIDs_is_NONE_2": [
              "Succeeded"
            ]
          },
          "metadata": {
            "operationMetadataId": "c958d62b-4763-4f85-8fe2-486d8b2821f5"
          },
          "type": "Response",
          "kind": "PowerApp",
          "inputs": {
            "statusCode": 200,
            "body": {
              "status": "200",
              "message": "Cards created"
            },
            "schema": {
              "type": "object",
              "properties": {
                "status": {
                  "title": "Status",
                  "x-ms-dynamically-added": true,
                  "type": "string"
                },
                "message": {
                  "title": "Message",
                  "x-ms-dynamically-added": true,
                  "type": "string"
                }
              }
            }
          }
        },
        "Get_a_row_by_ID_for_Mztape_Card": {
          "runAfter": {
            "Condition_test_if_TripGUIDs_is_NONE": [
              "Succeeded"
            ]
          },
          "metadata": {
            "operationMetadataId": "98c76cd6-0366-4c60-abb1-61d697efca96"
          },
          "type": "OpenApiConnection",
          "inputs": {
            "host": {
              "connectionName": "shared_commondataserviceforapps-1",
              "operationId": "GetItem",
              "apiId": "/providers/Microsoft.PowerApps/apis/shared_commondataserviceforapps"
            },
            "parameters": {
              "entityName": "mcdev_cards",
              "recordId": "@triggerBody()?['text']"
            },
            "authentication": "@parameters('$authentication')"
          }
        },
        "Compose_filename": {
          "runAfter": {
            "Get_a_row_by_ID_for_Mztape_Card": [
              "Succeeded"
            ]
          },
          "metadata": {
            "operationMetadataId": "b7b71e55-f66b-476b-b635-9e2d0598729c"
          },
          "type": "Compose",
          "inputs": "@body('Get_a_row_by_ID_for_Mztape_Card')?['mcdev_filename']"
        },
        "Initialize_variable_dark": {
          "runAfter": {
            "Get_secret": [
              "Succeeded"
            ]
          },
          "metadata": {
            "operationMetadataId": "efea553b-a605-47d9-aacb-9cb36e50d890"
          },
          "type": "InitializeVariable",
          "inputs": {
            "variables": [
              {
                "name": "dark_color",
                "type": "string",
                "value": "#000000"
              }
            ]
          }
        },
        "Initialize_variable_light": {
          "runAfter": {
            "Initialize_variable_dark": [
              "Succeeded"
            ]
          },
          "metadata": {
            "operationMetadataId": "bf8d3141-424a-4ef0-9090-c5eac6ef84e9"
          },
          "type": "InitializeVariable",
          "inputs": {
            "variables": [
              {
                "name": "light_color",
                "type": "string",
                "value": "#FFFFFF"
              }
            ]
          }
        },
        "Initialize_variable": {
          "runAfter": {
            "Compose_filename": [
              "Succeeded"
            ]
          },
          "metadata": {
            "operationMetadataId": "9ec88a29-8f3e-47bf-b04c-9aa1423fbfb2"
          },
          "type": "InitializeVariable",
          "inputs": {
            "variables": [
              {
                "name": "counter",
                "type": "integer",
                "value": 0
              }
            ]
          }
        },
        "Condition_test_if_TripGUIDs_is_NONE": {
          "actions": {},
          "runAfter": {
            "Initialize_variable_light": [
              "Succeeded"
            ]
          },
          "else": {
            "actions": {
              "Compose_array_of_GUIDs": {
                "runAfter": {},
                "metadata": {
                  "operationMetadataId": "b85cf495-1014-4c78-a6ab-840022d9876c"
                },
                "type": "Compose",
                "inputs": "@split(replace(replace(triggerBody()['text_1'], '[', ''), ']', ''), ',')\r\n"
              }
            }
          },
          "expression": {
            "equals": [
              "@triggerBody()['text_1']",
              "NONE"
            ]
          },
          "metadata": {
            "operationMetadataId": "95d5035e-036a-43d0-b757-671b88da5a21"
          },
          "type": "If"
        },
        "Condition_test_if_TripGUIDs_is_NONE_2": {
          "actions": {
            "Compose_JSON_for_qrOverlay_2": {
              "runAfter": {},
              "metadata": {
                "operationMetadataId": "57c92585-a8e1-4e6a-bff4-b79ae8a77075"
              },
              "type": "Compose",
              "inputs": "@json(concat('{ \"file\": \"', outputs('Compose_filename'), '\", \"url\": \"',  outputs('Get_a_row_by_ID_for_Mztape_Card')?['body/mcdev_url']  , '\", \"dark\": \"', variables('dark_color'), '\", \"light\": \"', variables('light_color'), '\" }'))"
            },
            "HTTP_2": {
              "runAfter": {
                "Compose_JSON_for_qrOverlay_2": [
                  "Succeeded"
                ]
              },
              "limit": {
                "timeout": "PT1M"
              },
              "metadata": {
                "operationMetadataId": "22e6803d-cdc6-4cd4-9baa-cb4c50a20cbd"
              },
              "type": "Http",
              "inputs": {
                "method": "POST",
                "uri": "@parameters('OverlayFunctionURI (mcdev_OverlayFunctionURI)')",
                "headers": {
                  "Content-Type": "application/json",
                  "x-functions-key": "@{body('Get_secret')?['EnvironmentVariableSecretValue']}"
                },
                "body": "@outputs('Compose_JSON_for_qrOverlay_2')"
              },
              "runtimeConfiguration": {
                "contentTransfer": {
                  "transferMode": "Chunked"
                }
              }
            },
            "Condition_2": {
              "actions": {
                "Parse_JSON_2": {
                  "runAfter": {},
                  "metadata": {
                    "operationMetadataId": "e899d1e1-f57a-4f6b-b086-78ad3a7f7eb7"
                  },
                  "type": "ParseJson",
                  "inputs": {
                    "content": "@body('HTTP_2')",
                    "schema": {
                      "type": "object",
                      "properties": {
                        "image": {
                          "type": "string"
                        }
                      }
                    }
                  }
                },
                "Compose_image_2": {
                  "runAfter": {
                    "Parse_JSON_2": [
                      "Succeeded"
                    ]
                  },
                  "metadata": {
                    "operationMetadataId": "e861739d-9cb1-4697-bbbe-e2d053455e2e"
                  },
                  "type": "Compose",
                  "inputs": "@body('Parse_JSON_2')?['image']"
                },
                "Compose_binary_image_2": {
                  "runAfter": {
                    "Compose_image_2": [
                      "Succeeded"
                    ]
                  },
                  "metadata": {
                    "operationMetadataId": "5f1d4008-259d-457c-a9c4-8da9c13bf684"
                  },
                  "type": "Compose",
                  "inputs": "@base64ToBinary(outputs('Compose_image_2'))"
                },
                "Create_blob_(V2)_4": {
                  "runAfter": {
                    "Compose_binary_image_2": [
                      "Succeeded"
                    ]
                  },
                  "metadata": {
                    "operationMetadataId": "b485ac2e-0e65-4b0b-8484-62a0bcb4bcd0"
                  },
                  "type": "OpenApiConnection",
                  "inputs": {
                    "host": {
                      "connectionName": "shared_azureblob_1",
                      "operationId": "CreateFile_V2",
                      "apiId": "/providers/Microsoft.PowerApps/apis/shared_azureblob"
                    },
                    "parameters": {
                      "dataset": "@parameters('Storage Account Name (mcdev_StorageAccountName)')",
                      "folderPath": "@body('Parse_JSON_3')?['CONTAINER_NAME_DYNAMIC_AFTER']",
                      "name": "@concat(substring(outputs('Compose_filename'), 0, sub(length(outputs('Compose_filename')), 4)), '-', variables('counter'), '.png')",
                      "body": "@outputs('Compose_binary_image_2')"
                    },
                    "authentication": "@parameters('$authentication')"
                  },
                  "runtimeConfiguration": {
                    "contentTransfer": {
                      "transferMode": "Chunked"
                    }
                  }
                }
              },
              "runAfter": {
                "HTTP_2": [
                  "Succeeded",
                  "Failed"
                ]
              },
              "else": {
                "actions": {
                  "Create_blob_(V2)_3": {
                    "runAfter": {},
                    "metadata": {
                      "operationMetadataId": "b485ac2e-0e65-4b0b-8484-62a0bcb4bcd0"
                    },
                    "type": "OpenApiConnection",
                    "inputs": {
                      "host": {
                        "connectionName": "shared_azureblob_1",
                        "operationId": "CreateFile_V2",
                        "apiId": "/providers/Microsoft.PowerApps/apis/shared_azureblob"
                      },
                      "parameters": {
                        "dataset": "@parameters('Storage Account Name (mcdev_StorageAccountName)')",
                        "folderPath": "@body('Parse_JSON_3')?['CONTAINER_NAME_DYNAMIC_AFTER']",
                        "name": "@concat(substring(outputs('Compose_filename'), 0, sub(length(outputs('Compose_filename')), 4)), '-', variables('counter'), 'X.png')",
                        "body": "iVBORw0KGgoAAAANSUhEUgAAAAEAAAABCAQAAAC1HAwCAAAAC0lEQVR42mP8/wcAAwAB/6F8n9kAAAAASUVORK5CYII="
                      },
                      "authentication": "@parameters('$authentication')"
                    },
                    "runtimeConfiguration": {
                      "contentTransfer": {
                        "transferMode": "Chunked"
                      }
                    }
                  }
                }
              },
              "expression": {
                "equals": [
                  "@outputs('HTTP_2')['statusCode']",
                  200
                ]
              },
              "metadata": {
                "operationMetadataId": "63af242a-a379-4f3e-9edf-c2d4403c999e"
              },
              "type": "If"
            }
          },
          "runAfter": {
            "Initialize_variable": [
              "Succeeded"
            ]
          },
          "else": {
            "actions": {
              "Apply_to_each": {
                "foreach": "@outputs('Compose_array_of_GUIDs')",
                "actions": {
                  "HTTP": {
                    "runAfter": {
                      "Compose_JSON_for_qrOverlay": [
                        "Succeeded"
                      ]
                    },
                    "limit": {
                      "timeout": "PT1M"
                    },
                    "metadata": {
                      "operationMetadataId": "22e6803d-cdc6-4cd4-9baa-cb4c50a20cbd"
                    },
                    "type": "Http",
                    "inputs": {
                      "method": "POST",
                      "uri": "@parameters('OverlayFunctionURI (mcdev_OverlayFunctionURI)')",
                      "headers": {
                        "Content-Type": "application/json",
                        "x-functions-key": "@{body('Get_secret')?['EnvironmentVariableSecretValue']}"
                      },
                      "body": "@outputs('Compose_JSON_for_qrOverlay')"
                    },
                    "runtimeConfiguration": {
                      "contentTransfer": {
                        "transferMode": "Chunked"
                      }
                    }
                  },
                  "Compose_JSON_for_qrOverlay": {
                    "runAfter": {
                      "Get_a_row_by_ID": [
                        "Succeeded"
                      ]
                    },
                    "metadata": {
                      "operationMetadataId": "57c92585-a8e1-4e6a-bff4-b79ae8a77075"
                    },
                    "type": "Compose",
                    "inputs": "@json(\r\n    concat(\r\n        '{ \"file\": \"',\r\n        outputs('Compose_filename'),\r\n        '\", \"url\": \"',\r\n        outputs('Get_a_row_by_ID')?['body/mcdev_qrcodeurl'],\r\n        '\", \"dark\": \"', \r\n        variables('dark_color'),\r\n        '\", \"light\": \"',\r\n        variables('light_color'),\r\n        '\" }'\r\n        )\r\n)"
                  },
                  "Get_a_row_by_ID": {
                    "runAfter": {
                      "Compose_GUID": [
                        "Succeeded"
                      ]
                    },
                    "metadata": {
                      "operationMetadataId": "da4687cf-df55-41c4-8dfc-1f3358c29337"
                    },
                    "type": "OpenApiConnection",
                    "inputs": {
                      "host": {
                        "connectionName": "shared_commondataserviceforapps-1",
                        "operationId": "GetItem",
                        "apiId": "/providers/Microsoft.PowerApps/apis/shared_commondataserviceforapps"
                      },
                      "parameters": {
                        "entityName": "new_invoices",
                        "recordId": "@outputs('Compose_GUID')"
                      },
                      "authentication": "@parameters('$authentication')"
                    }
                  },
                  "Increment_variable_counter": {
                    "runAfter": {},
                    "metadata": {
                      "operationMetadataId": "d9f48614-8390-4690-9f3d-763b95548955"
                    },
                    "type": "IncrementVariable",
                    "inputs": {
                      "name": "counter"
                    }
                  },
                  "Compose_GUID": {
                    "runAfter": {
                      "Increment_variable_counter": [
                        "Succeeded"
                      ]
                    },
                    "metadata": {
                      "operationMetadataId": "c6a25a5a-3965-45cb-8dd3-f55525988187"
                    },
                    "type": "Compose",
                    "inputs": "@replace(items('Apply_to_each'), '\"', '')"
                  },
                  "Condition": {
                    "actions": {
                      "Parse_JSON": {
                        "runAfter": {},
                        "metadata": {
                          "operationMetadataId": "e899d1e1-f57a-4f6b-b086-78ad3a7f7eb7"
                        },
                        "type": "ParseJson",
                        "inputs": {
                          "content": "@body('HTTP')",
                          "schema": {
                            "type": "object",
                            "properties": {
                              "image": {
                                "type": "string"
                              }
                            }
                          }
                        }
                      },
                      "Compose_image": {
                        "runAfter": {
                          "Parse_JSON": [
                            "Succeeded"
                          ]
                        },
                        "metadata": {
                          "operationMetadataId": "e861739d-9cb1-4697-bbbe-e2d053455e2e"
                        },
                        "type": "Compose",
                        "inputs": "@body('Parse_JSON')?['image']"
                      },
                      "Update_a_row": {
                        "runAfter": {
                          "Compose_image": [
                            "Succeeded"
                          ]
                        },
                        "metadata": {
                          "operationMetadataId": "71ab9ca6-fbc4-47ae-8030-b19ee8220020"
                        },
                        "type": "OpenApiConnection",
                        "inputs": {
                          "host": {
                            "connectionName": "shared_commondataserviceforapps-1",
                            "operationId": "UpdateRecord",
                            "apiId": "/providers/Microsoft.PowerApps/apis/shared_commondataserviceforapps"
                          },
                          "parameters": {
                            "entityName": "new_invoices",
                            "recordId": "@outputs('Get_a_row_by_ID')?['body/new_invoiceid']",
                            "item/mcdev_qrcode": "@outputs('Compose_image')"
                          },
                          "authentication": "@parameters('$authentication')"
                        }
                      },
                      "Compose_binary_image": {
                        "runAfter": {
                          "Update_a_row": [
                            "Succeeded"
                          ]
                        },
                        "metadata": {
                          "operationMetadataId": "5f1d4008-259d-457c-a9c4-8da9c13bf684"
                        },
                        "type": "Compose",
                        "inputs": "@base64ToBinary(outputs('Compose_image'))"
                      },
                      "Create_blob_(V2)": {
                        "runAfter": {
                          "Compose_binary_image": [
                            "Succeeded"
                          ]
                        },
                        "metadata": {
                          "operationMetadataId": "b485ac2e-0e65-4b0b-8484-62a0bcb4bcd0"
                        },
                        "type": "OpenApiConnection",
                        "inputs": {
                          "host": {
                            "connectionName": "shared_azureblob_1",
                            "operationId": "CreateFile_V2",
                            "apiId": "/providers/Microsoft.PowerApps/apis/shared_azureblob"
                          },
                          "parameters": {
                            "dataset": "@parameters('Storage Account Name (mcdev_StorageAccountName)')",
                            "folderPath": "@body('Parse_JSON_3')?['CONTAINER_NAME_DYNAMIC_AFTER']",
                            "name": "@concat(\r\n    substring(outputs('Compose_filename'), 0, sub(length(outputs('Compose_filename')), 4)),\r\n    '-',\r\n    variables('counter'),\r\n    '.png'\r\n)\r\n",
                            "body": "@outputs('Compose_binary_image')"
                          },
                          "authentication": "@parameters('$authentication')"
                        },
                        "runtimeConfiguration": {
                          "contentTransfer": {
                            "transferMode": "Chunked"
                          }
                        }
                      }
                    },
                    "runAfter": {
                      "HTTP": [
                        "Succeeded",
                        "Failed"
                      ]
                    },
                    "else": {
                      "actions": {
                        "Create_blob_(V2)_2": {
                          "runAfter": {},
                          "metadata": {
                            "operationMetadataId": "b485ac2e-0e65-4b0b-8484-62a0bcb4bcd0"
                          },
                          "type": "OpenApiConnection",
                          "inputs": {
                            "host": {
                              "connectionName": "shared_azureblob_1",
                              "operationId": "CreateFile_V2",
                              "apiId": "/providers/Microsoft.PowerApps/apis/shared_azureblob"
                            },
                            "parameters": {
                              "dataset": "@parameters('Storage Account Name (mcdev_StorageAccountName)')",
                              "folderPath": "@body('Parse_JSON_3')?['CONTAINER_NAME_DYNAMIC_AFTER']",
                              "name": "@concat(substring(outputs('Compose_filename'), 0, sub(length(outputs('Compose_filename')), 4)), '-', variables('counter'), 'X.png')",
                              "body": "iVBORw0KGgoAAAANSUhEUgAAAAEAAAABCAQAAAC1HAwCAAAAC0lEQVR42mP8/wcAAwAB/6F8n9kAAAAASUVORK5CYII="
                            },
                            "authentication": "@parameters('$authentication')"
                          },
                          "runtimeConfiguration": {
                            "contentTransfer": {
                              "transferMode": "Chunked"
                            }
                          }
                        }
                      }
                    },
                    "expression": {
                      "equals": [
                        "@outputs('HTTP')['statusCode']",
                        200
                      ]
                    },
                    "metadata": {
                      "operationMetadataId": "63af242a-a379-4f3e-9edf-c2d4403c999e"
                    },
                    "type": "If"
                  }
                },
                "runAfter": {},
                "metadata": {
                  "operationMetadataId": "231e3d5d-9bb5-4269-8a67-4007938b5642"
                },
                "type": "Foreach"
              }
            }
          },
          "expression": {
            "equals": [
              "@triggerBody()['text_1']",
              "NONE"
            ]
          },
          "metadata": {
            "operationMetadataId": "bfe14935-ed3c-4324-9938-b72fb24ea366"
          },
          "type": "If"
        },
        "Get_secret": {
          "runAfter": {
            "Parse_JSON_3": [
              "Succeeded"
            ]
          },
          "metadata": {
            "operationMetadataId": "9af5d7a5-96d3-4ec7-bd6f-23dab23c6f93"
          },
          "type": "OpenApiConnection",
          "inputs": {
            "host": {
              "connectionName": "shared_commondataserviceforapps-1",
              "operationId": "PerformUnboundAction",
              "apiId": "/providers/Microsoft.PowerApps/apis/shared_commondataserviceforapps"
            },
            "parameters": {
              "actionName": "RetrieveEnvironmentVariableSecretValue",
              "item/EnvironmentVariableName": "mcdev_OverlayFunctionKey"
            },
            "authentication": "@parameters('$authentication')"
          },
          "runtimeConfiguration": {
            "secureData": {
              "properties": [
                "outputs"
              ]
            }
          }
        },
        "Parse_JSON_3": {
          "runAfter": {},
          "metadata": {
            "operationMetadataId": "63e5cf35-4d83-4d57-bbc8-230c79887aed"
          },
          "type": "ParseJson",
          "inputs": {
            "content": "@parameters('Container Names (mcdev_ContainerNames)')",
            "schema": {
              "type": "object",
              "properties": {
                "CONTAINER_NAME_STATIC_IMAGES": {
                  "type": "string"
                },
                "CONTAINER_NAME_DYNAMIC_BEFORE": {
                  "type": "string"
                },
                "CONTAINER_NAME_DYNAMIC_AFTER": {
                  "type": "string"
                },
                "CONTAINER_NAME_HTML": {
                  "type": "string"
                },
                "CONTAINER_NAME_PDF": {
                  "type": "string"
                }
              }
            }
          }
        }
      }
    },
    "templateName": ""
  },
  "schemaVersion": "1.0.0.0"
}