{
  "properties": {
    "connectionReferences": {
      "shared_onedriveforbusiness": {
        "runtimeSource": "invoker",
        "connection": {
          "connectionReferenceLogicalName": "mcdev_sharedonedriveforbusiness_ef401"
        },
        "api": {
          "name": "shared_onedriveforbusiness"
        }
      }
    },
    "definition": {
      "$schema": "https://schema.management.azure.com/providers/Microsoft.Logic/schemas/2016-06-01/workflowdefinition.json#",
      "contentVersion": "1.0.0.0",
      "parameters": {
        "$authentication": {
          "defaultValue": {},
          "type": "SecureObject"
        },
        "$connections": {
          "defaultValue": {},
          "type": "Object"
        }
      },
      "triggers": {
        "manual": {
          "metadata": {
            "operationMetadataId": "3d20b666-c3c0-4136-9ec2-0cc1df7a9a3e"
          },
          "type": "Request",
          "kind": "Button",
          "inputs": {
            "schema": {
              "type": "object",
              "properties": {},
              "required": []
            }
          }
        }
      },
      "actions": {
        "Get_file_content": {
          "runAfter": {},
          "metadata": {
            "b!WMpzua-XyU-SfIb-E2TO-VGHFVvkCctNuyK-YDNnMqxbzDhJsjVLSbOIfK6CdU1m.013SU2W3QCTADJY2JBYNCJFL7U4PA74WCX": "/02 Model Citizen Developer/53 trail scraper/bubble-tea.txt",
            "operationMetadataId": "4dc3c2b4-324b-4c30-873f-8206e39b1d7b",
            "b!WMpzua-XyU-SfIb-E2TO-VGHFVvkCctNuyK-YDNnMqxbzDhJsjVLSbOIfK6CdU1m.013SU2W3UN3E7SFWFC5FHJIX3S6LBXYYXG": "/02 Model Citizen Developer/53 trail scraper/bubble-tea.json"
          },
          "type": "OpenApiConnection",
          "inputs": {
            "parameters": {
              "id": "b!WMpzua-XyU-SfIb-E2TO-VGHFVvkCctNuyK-YDNnMqxbzDhJsjVLSbOIfK6CdU1m.013SU2W3UN3E7SFWFC5FHJIX3S6LBXYYXG",
              "inferContentType": false
            },
            "host": {
              "apiId": "/providers/Microsoft.PowerApps/apis/shared_onedriveforbusiness",
              "operationId": "GetFileContent",
              "connectionName": "shared_onedriveforbusiness"
            }
          }
        },
        "Parse_JSON": {
          "runAfter": {
            "Initialize_variable": [
              "Succeeded"
            ]
          },
          "metadata": {
            "operationMetadataId": "6d4f32d7-0f29-4030-acf2-62433b70f0af"
          },
          "type": "ParseJson",
          "inputs": {
            "content": "@variables('FileContentString')",
            "schema": {
              "type": "object",
              "properties": {
                "BubbleTeaDetails": {
                  "type": "array",
                  "items": {
                    "type": "object",
                    "properties": {
                      "Name": {
                        "type": "string"
                      },
                      "Website": {
                        "type": "string"
                      },
                      "Description": {
                        "type": "string"
                      },
                      "Coordinates": {
                        "type": "string"
                      }
                    },
                    "required": [
                      "Name",
                      "Website",
                      "Description",
                      "Coordinates"
                    ]
                  }
                }
              }
            }
          }
        },
        "Apply_to_each": {
          "foreach": "@body('Parse_JSON')?['BubbleTeaDetails']",
          "actions": {
            "Compose": {
              "type": "Compose",
              "inputs": "@item()?['Name']"
            }
          },
          "runAfter": {
            "Parse_JSON": [
              "Succeeded"
            ]
          },
          "type": "Foreach"
        },
        "Initialize_variable": {
          "runAfter": {
            "Get_file_content": [
              "Succeeded"
            ]
          },
          "type": "InitializeVariable",
          "inputs": {
            "variables": [
              {
                "name": "FileContentString",
                "type": "string",
                "value": "@string(body('Get_file_content'))"
              }
            ]
          }
        }
      }
    },
    "templateName": null
  },
  "schemaVersion": "1.0.0.0"
}