<powerpagecomponent powerpagecomponentid="d4726474-dbd5-4345-8fc6-215f39fde4b8">
  <content>{"createdOn":"2024-09-17T16:58:39.156Z","parentpageid":"ea3fef6d-98c3-416d-8c35-cdd23488011d","publishingstateid":"8fde6bcb-e262-4220-abad-cae59a5b1be3","partialurl":"openfly.png","title":"","summary":"","enabletracking":false,"excludefromsearch":false,"hiddenfromsitemap":false}</content>
  <filecontent mimetype="image/png">openfly.png</filecontent>
  <iscustomizable>1</iscustomizable>
  <name>openfly.png</name>
  <powerpagecomponenttype>3</powerpagecomponenttype>
  <powerpagesiteid>
    <powerpagesiteid>8e775667-1468-44d6-9383-4088b0cbc5d7</powerpagesiteid>
  </powerpagesiteid>
  <statecode>0</statecode>
  <statuscode>1</statuscode>
</powerpagecomponent>