<powerpagecomponent powerpagecomponentid="efbee1fd-754b-5631-4d05-149d830f4db4">
  <content>{
  "filecontent": null,
  "displayorder": 2,
  "weblinksetid": "45fd0e92-fcb5-4f24-b44f-08f22ca76c80",
  "pageid": "f501b50a-48bc-95e6-7118-a69560173e7f",
  "publishingstateid": "8fde6bcb-e262-4220-abad-cae59a5b1be3",
  "displaypagevalidation": false,
  "displayimageonly": false,
  "displaypagechildlinks": false,
  "openinnewwindow": false,
  "robotsfollowlink": true,
  "copy": "undefined"
}</content>
  <iscustomizable>1</iscustomizable>
  <name>QR Card Generator</name>
  <powerpagecomponenttype>5</powerpagecomponenttype>
  <powerpagesiteid>
    <powerpagesiteid>8e775667-1468-44d6-9383-4088b0cbc5d7</powerpagesiteid>
  </powerpagesiteid>
  <statecode>0</statecode>
  <statuscode>1</statuscode>
</powerpagecomponent>