<powerpagecomponent powerpagecomponentid="f501b50a-48bc-95e6-7118-a69560173e7f">
  <content>{
  "filecontent": null,
  "displayorder": 2,
  "customcss": "",
  "customjavascript": "",
  "pagetemplateid": "aecde27e-492f-4417-9d62-ce63f22cf6d4",
  "parentpageid": "ea3fef6d-98c3-416d-8c35-cdd23488011d",
  "partialurl": "QRCard",
  "isroot": true,
  "title": "Home (1)",
  "summary": "&lt;p&gt;This is a sample landing page designed to be a starting point for your website&lt;/p&gt;",
  "copy": "",
  "publishingstateid": "8fde6bcb-e262-4220-abad-cae59a5b1be3",
  "enablerating": false,
  "enabletracking": false,
  "excludefromsearch": false,
  "hiddenfromsitemap": true,
  "sharedpageconfiguration": false
}</content>
  <iscustomizable>1</iscustomizable>
  <name>QR Card Generator</name>
  <powerpagecomponenttype>2</powerpagecomponenttype>
  <powerpagesiteid>
    <powerpagesiteid>8e775667-1468-44d6-9383-4088b0cbc5d7</powerpagesiteid>
  </powerpagesiteid>
  <searchcontent>Home (1)QR Card Generator</searchcontent>
  <statecode>0</statecode>
  <statuscode>1</statuscode>
</powerpagecomponent>