<environmentvariabledefinition schemaname="mcdev_ContainerNames">
  <defaultvalue>{   "CONTAINER_NAME_STATIC_IMAGES": "dev-static-images",   "CONTAINER_NAME_DYNAMIC_BEFORE": "dev-placeholder-images",   "CONTAINER_NAME_DYNAMIC_AFTER": "dev-dynamic-images",   "CONTAINER_NAME_HTML": "dev-html-renderings",   "CONTAINER_NAME_PDF": "dev-pdf-files" }</defaultvalue>
  <displayname default="Container Names">
    <label description="Container Names" languagecode="1033" />
  </displayname>
  <introducedversion>1.0.0.3</introducedversion>
  <iscustomizable>1</iscustomizable>
  <isrequired>0</isrequired>
  <secretstore>0</secretstore>
  <type>100000003</type>
</environmentvariabledefinition>