<powerpagesites>
  <powerpagesite powerpagesiteid="8e775667-1468-44d6-9383-4088b0cbc5d7">
    <content>{"defaultlanguage":"6a38405c-01a0-4377-b6db-af494758f438","footerwebtemplateid":"9c6e0ad6-f6c5-42f2-a224-91e0365b849e","headerwebtemplateid":"23e04280-7c5c-4da8-b8f4-2f288ee2383f","website_language":1033,"defaultbotconsumerid":"b6c4f3c3-6aca-ef11-b8e9-002248098b76"}</content>
    <datamodelversion>2.0</datamodelversion>
    <iscustomizable>1</iscustomizable>
    <name>mztape - mztape</name>
    <primarydomainname>mztape.powerappsportals.com</primarydomainname>
    <statecode>0</statecode>
    <statuscode>1</statuscode>
  </powerpagesite>
</powerpagesites>