<powerpagesitelanguages>
  <powerpagesitelanguage powerpagesitelanguageid="6a38405c-01a0-4377-b6db-af494758f438">
    <content>{"publishingstate":"8fde6bcb-e262-4220-abad-cae59a5b1be3","systemlanguage":1033}</content>
    <displayname>English</displayname>
    <iscustomizable>1</iscustomizable>
    <languagecode>en-US</languagecode>
    <lcid>1033</lcid>
    <name>English</name>
    <powerpagesiteid>
      <powerpagesiteid>8e775667-1468-44d6-9383-4088b0cbc5d7</powerpagesiteid>
    </powerpagesiteid>
    <statecode>0</statecode>
    <statuscode>1</statuscode>
  </powerpagesitelanguage>
</powerpagesitelanguages>