<powerpagecomponent powerpagecomponentid="9782c48d-cafb-f2b8-55fc-06ba5db7f125">
  <content>{
  "filecontent": null,
  "type": 756150000,
  "display_name": "Logo URL",
  "value": "/Logo-sm-64.png",
  "copy": "undefined"
}</content>
  <iscustomizable>1</iscustomizable>
  <name>Logo URL</name>
  <powerpagecomponenttype>7</powerpagecomponenttype>
  <powerpagesiteid>
    <powerpagesiteid>8e775667-1468-44d6-9383-4088b0cbc5d7</powerpagesiteid>
  </powerpagesiteid>
  <powerpagesitelanguageid>
    <powerpagesitelanguageid>6a38405c-01a0-4377-b6db-af494758f438</powerpagesitelanguageid>
  </powerpagesitelanguageid>
  <statecode>1</statecode>
  <statuscode>2</statuscode>
</powerpagecomponent>