<environmentvariabledefinition schemaname="mcdev_trip_card_template">
  <defaultvalue>33dbbd3b-8974-ef11-a670-000d3a5ca663</defaultvalue>
  <description default="Template for Animal Cards">
    <label description="Template for Animal Cards" languagecode="1033" />
  </description>
  <displayname default="Trip Card Template">
    <label description="Trip Card Template" languagecode="1033" />
  </displayname>
  <introducedversion>1.0.0.0</introducedversion>
  <iscustomizable>1</iscustomizable>
  <isrequired>0</isrequired>
  <secretstore>0</secretstore>
  <type>100000000</type>
</environmentvariabledefinition>