<ImportExportXml version="9.2.24112.220" SolutionPackageVersion="9.2" languagecode="1033" generatedBy="CrmLive" xmlns:xsi="http://www.w3.org/2001/XMLSchema-instance" OrganizationVersion="9.2.24112.220" OrganizationSchemaType="Standard" CRMServerServiceabilityVersion="9.2.24113.00210">
  <SolutionManifest>
    <UniqueName>MztapeBaseLayer</UniqueName>
    <LocalizedNames>
      <LocalizedName description="Mztape Base Layer" languagecode="1033" />
    </LocalizedNames>
    <Descriptions />
    <Version>1.0.0.7</Version>
    <Managed>1</Managed>
    <Publisher>
      <UniqueName>ModelCitizenDeveloper</UniqueName>
      <LocalizedNames>
        <LocalizedName description="Model Citizen Developer" languagecode="1033" />
      </LocalizedNames>
      <Descriptions />
      <EMailAddress xsi:nil="true"></EMailAddress>
      <SupportingWebsiteUrl xsi:nil="true"></SupportingWebsiteUrl>
      <CustomizationPrefix>mcdev</CustomizationPrefix>
      <CustomizationOptionValuePrefix>14687</CustomizationOptionValuePrefix>
      <Addresses>
        <Address>
          <AddressNumber>1</AddressNumber>
          <AddressTypeCode>1</AddressTypeCode>
          <City xsi:nil="true"></City>
          <County xsi:nil="true"></County>
          <Country xsi:nil="true"></Country>
          <Fax xsi:nil="true"></Fax>
          <FreightTermsCode xsi:nil="true"></FreightTermsCode>
          <ImportSequenceNumber xsi:nil="true"></ImportSequenceNumber>
          <Latitude xsi:nil="true"></Latitude>
          <Line1 xsi:nil="true"></Line1>
          <Line2 xsi:nil="true"></Line2>
          <Line3 xsi:nil="true"></Line3>
          <Longitude xsi:nil="true"></Longitude>
          <Name xsi:nil="true"></Name>
          <PostalCode xsi:nil="true"></PostalCode>
          <PostOfficeBox xsi:nil="true"></PostOfficeBox>
          <PrimaryContactName xsi:nil="true"></PrimaryContactName>
          <ShippingMethodCode>1</ShippingMethodCode>
          <StateOrProvince xsi:nil="true"></StateOrProvince>
          <Telephone1 xsi:nil="true"></Telephone1>
          <Telephone2 xsi:nil="true"></Telephone2>
          <Telephone3 xsi:nil="true"></Telephone3>
          <TimeZoneRuleVersionNumber xsi:nil="true"></TimeZoneRuleVersionNumber>
          <UPSZone xsi:nil="true"></UPSZone>
          <UTCOffset xsi:nil="true"></UTCOffset>
          <UTCConversionTimeZoneCode xsi:nil="true"></UTCConversionTimeZoneCode>
        </Address>
        <Address>
          <AddressNumber>2</AddressNumber>
          <AddressTypeCode>1</AddressTypeCode>
          <City xsi:nil="true"></City>
          <County xsi:nil="true"></County>
          <Country xsi:nil="true"></Country>
          <Fax xsi:nil="true"></Fax>
          <FreightTermsCode xsi:nil="true"></FreightTermsCode>
          <ImportSequenceNumber xsi:nil="true"></ImportSequenceNumber>
          <Latitude xsi:nil="true"></Latitude>
          <Line1 xsi:nil="true"></Line1>
          <Line2 xsi:nil="true"></Line2>
          <Line3 xsi:nil="true"></Line3>
          <Longitude xsi:nil="true"></Longitude>
          <Name xsi:nil="true"></Name>
          <PostalCode xsi:nil="true"></PostalCode>
          <PostOfficeBox xsi:nil="true"></PostOfficeBox>
          <PrimaryContactName xsi:nil="true"></PrimaryContactName>
          <ShippingMethodCode>1</ShippingMethodCode>
          <StateOrProvince xsi:nil="true"></StateOrProvince>
          <Telephone1 xsi:nil="true"></Telephone1>
          <Telephone2 xsi:nil="true"></Telephone2>
          <Telephone3 xsi:nil="true"></Telephone3>
          <TimeZoneRuleVersionNumber xsi:nil="true"></TimeZoneRuleVersionNumber>
          <UPSZone xsi:nil="true"></UPSZone>
          <UTCOffset xsi:nil="true"></UTCOffset>
          <UTCConversionTimeZoneCode xsi:nil="true"></UTCConversionTimeZoneCode>
        </Address>
      </Addresses>
    </Publisher>
    <RootComponents>
      <RootComponent type="1" schemaName="mcdev_brand" behavior="0" />
      <RootComponent type="1" schemaName="mcdev_card" behavior="0" />
      <RootComponent type="1" schemaName="mcdev_cardborder" behavior="0" />
      <RootComponent type="1" schemaName="mcdev_deck" behavior="0" />
      <RootComponent type="1" schemaName="mcdev_illustration" behavior="0" />
      <RootComponent type="1" schemaName="new_category" behavior="0" />
      <RootComponent type="1" schemaName="new_color" behavior="0" />
      <RootComponent type="1" schemaName="new_invoice" behavior="0" />
      <RootComponent type="1" schemaName="new_invoiceline" behavior="0" />
      <RootComponent type="1" schemaName="new_product" behavior="0" />
      <RootComponent type="1" schemaName="new_productphoto" behavior="0" />
      <RootComponent type="1" schemaName="new_restock" behavior="0" />
      <RootComponent type="1" schemaName="new_size" behavior="0" />
      <RootComponent type="1" schemaName="new_sizing" behavior="0" />
      <RootComponent type="1" schemaName="new_sizingchart" behavior="0" />
      <RootComponent type="1" schemaName="new_sku" behavior="0" />
      <RootComponent type="1" schemaName="new_style" behavior="0" />
      <RootComponent type="62" schemaName="mcdev_ConventionCityDecks" behavior="0" />
      <RootComponent type="62" schemaName="new_SoleStyleInventory" behavior="0" />
      <RootComponent type="80" schemaName="mcdev_ConventionCityDecks" behavior="0" />
      <RootComponent type="80" schemaName="new_SoleStyleInventory" behavior="0" />
      <RootComponent type="300" schemaName="mcdev_conventioncitydecksdefaultcommandlibrary_70619" behavior="0" />
    </RootComponents>
    <MissingDependencies>
      <MissingDependency>
        <Required type="61" schemaName="msdyn_/Images/AppModule_Default_Icon.png" displayName="msdyn_/Images/AppModule_Default_Icon.png" solution="AppModuleWebResources (2.5)">
          <package appName="AppModule Web Resources Package" version="2.5">AppModuleWebResources (2.5)</package>
        </Required>
        <Dependent type="80" schemaName="mcdev_ConventionCityDecks" displayName="Convention City Decks" />
      </MissingDependency>
      <MissingDependency>
        <Required type="61" schemaName="msdyn_/Images/AppModule_Default_Icon.png" displayName="msdyn_/Images/AppModule_Default_Icon.png" solution="AppModuleWebResources (2.5)">
          <package appName="AppModule Web Resources Package" version="2.5">AppModuleWebResources (2.5)</package>
        </Required>
        <Dependent type="80" schemaName="new_SoleStyleInventory" displayName="Convention City Destinations" />
      </MissingDependency>
      <MissingDependency>
        <Required type="SettingDefinition" displayName="AppChannel" solution="msdyn_AppFrameworkInfraExtensions (1.0.0.12)" id.uniquename="AppChannel">
          <package appName="PowerAppsAppFramework Package" version="1.0.0.16">PowerAppsAppFramework_Anchor (1.0.0.16)</package>
        </Required>
        <Dependent type="AppSetting" displayName="parentappmoduleid.uniquename=mcdev_ConventionCityDecks,settingdefinitionid.uniquename=AppChannel" id.parentappmoduleid.uniquename="mcdev_ConventionCityDecks" id.settingdefinitionid.uniquename="AppChannel" />
      </MissingDependency>
      <MissingDependency>
        <Required type="SettingDefinition" displayName="AppChannel" solution="msdyn_AppFrameworkInfraExtensions (1.0.0.12)" id.uniquename="AppChannel">
          <package appName="PowerAppsAppFramework Package" version="1.0.0.16">PowerAppsAppFramework_Anchor (1.0.0.16)</package>
        </Required>
        <Dependent type="AppSetting" displayName="parentappmoduleid.uniquename=new_SoleStyleInventory,settingdefinitionid.uniquename=AppChannel" id.parentappmoduleid.uniquename="new_SoleStyleInventory" id.settingdefinitionid.uniquename="AppChannel" />
      </MissingDependency>
    </MissingDependencies>
  </SolutionManifest>
</ImportExportXml>