<powerpagecomponent powerpagecomponentid="bc81fb9c-4c91-ef11-ac21-000d3a340320">
  <content>{
  "source": "{% manifest %}\r\n{\r\n  \"type\": \"component\",\r\n  \"displayName\": \"Azure Map\",\r\n  \"description\": \"Embed an Azure Map\",\r\n  \"parameters\": {\r\n    \"latitude\": {\r\n      \"type\": \"string\",\r\n      \"displayName\": \"Latitude\",\r\n      \"description\": \"The latitude of the location to display on the map\"\r\n    },\r\n    \"longitude\": {\r\n      \"type\": \"string\",\r\n      \"displayName\": \"Longitude\",\r\n      \"description\": \"The longitude of the location to display on the map\"\r\n    },\r\n    \"zoom\": {\r\n      \"type\": \"string\",\r\n      \"displayName\": \"Zoom Level\",\r\n      \"description\": \"The zoom level of the map\",\r\n      \"default\": \"10\"\r\n    },\r\n    \"azureKey\": {\r\n      \"type\": \"string\",\r\n      \"displayName\": \"Azure Key\",\r\n      \"description\": \"Azure Key for map\",\r\n      \"default\": \"YOURKEYHERE\"\r\n    }\r\n  }\r\n}\r\n{% endmanifest %}\r\n\r\n&lt;div id=\"myMap\" style=\"width: 100%; height: 400px;\"&gt;&lt;/div&gt;\r\n&lt;link href=\"https://api.mapbox.com/mapbox-gl-js/v2.7.0/mapbox-gl.css\" rel=\"stylesheet\" /&gt;\r\n&lt;script src=\"https://atlas.microsoft.com/sdk/javascript/mapcontrol/2/atlas.min.js\"&gt;&lt;/script&gt;\r\n&lt;script&gt;\r\n  function isScreenReaderActive() {\r\n    return window.matchMedia('(prefers-reduced-motion: reduce)').matches;\r\n  }\r\n\r\n  document.addEventListener('DOMContentLoaded', function() {\r\n    const map = new atlas.Map('myMap', {\r\n      center: [parseFloat('{{ longitude }}'), parseFloat('{{ latitude }}')],\r\n      zoom: parseInt('{{ zoom }}'),\r\n      authOptions: {\r\n        authType: 'subscriptionKey',\r\n        subscriptionKey: '{{ azureKey }}'\r\n      },\r\n      disableAccessibility: !isScreenReaderActive() // Enable accessibility only if screen reader is active\r\n    });\r\n\r\n    map.events.add('ready', function () {\r\n      const centerMarker = new atlas.HtmlMarker({\r\n        htmlContent: '&lt;div style=\"background-color:blue;width:10px;height:10px;border-radius:50%;\"&gt;&lt;/div&gt;',\r\n        position: [parseFloat('{{ longitude }}'), parseFloat('{{ latitude }}')]\r\n      });\r\n      map.markers.add(centerMarker);\r\n    });\r\n  });\r\n&lt;/script&gt;"
}</content>
  <iscustomizable>1</iscustomizable>
  <name>Maps</name>
  <powerpagecomponenttype>8</powerpagecomponenttype>
  <powerpagesiteid>
    <powerpagesiteid>8e775667-1468-44d6-9383-4088b0cbc5d7</powerpagesiteid>
  </powerpagesiteid>
  <statecode>0</statecode>
  <statuscode>1</statuscode>
</powerpagecomponent>