<powerpagecomponent powerpagecomponentid="4e3f3b2c-9b3f-45d2-8331-71c0f3bd37f5">
  <content>{"enablerating":false,"enabletracking":false,"excludefromsearch":true,"hiddenfromsitemap":true,"isroot":true,"pagetemplateid":"aecde27e-492f-4417-9d62-ce63f22cf6d4","parentpageid":"ea3fef6d-98c3-416d-8c35-cdd23488011d","partialurl":"page-not-found","publishingstateid":"8fde6bcb-e262-4220-abad-cae59a5b1be3","sharedpageconfiguration":false}</content>
  <iscustomizable>1</iscustomizable>
  <name>Page Not Found</name>
  <powerpagecomponenttype>2</powerpagecomponenttype>
  <powerpagesiteid>
    <powerpagesiteid>8e775667-1468-44d6-9383-4088b0cbc5d7</powerpagesiteid>
  </powerpagesiteid>
  <searchcontent>Page Not Found</searchcontent>
  <statecode>0</statecode>
  <statuscode>1</statuscode>
</powerpagecomponent>