<powerpagecomponent powerpagecomponentid="c3723b68-aeb7-4ce7-9ded-155c2a96b76d">
  <content>{"adx_webpageaccesscontrolrule_webrole":["e039b3c9-74d8-4cc5-8354-71fb2abe3140"],"right":1,"webpageid":"ea3fef6d-98c3-416d-8c35-cdd23488011d"}</content>
  <iscustomizable>1</iscustomizable>
  <name>Grant Change to Administrators</name>
  <powerpagecomponenttype>10</powerpagecomponenttype>
  <powerpagesiteid>
    <powerpagesiteid>8e775667-1468-44d6-9383-4088b0cbc5d7</powerpagesiteid>
  </powerpagesiteid>
  <statecode>0</statecode>
  <statuscode>1</statuscode>
</powerpagecomponent>