<powerpagecomponent powerpagecomponentid="9abdb1e5-e913-4929-b5bd-8e56ad620b59">
  <content>{"enablerating":false,"enabletracking":false,"excludefromsearch":false,"hiddenfromsitemap":true,"isroot":false,"pagetemplateid":"12ffab20-a7b9-4c6f-a942-70de93b3a493","parentpageid":"ea3fef6d-98c3-416d-8c35-cdd23488011d","partialurl":"search","publishingstateid":"8fde6bcb-e262-4220-abad-cae59a5b1be3","rootwebpageid":"45085322-1a40-4459-9435-65724602908d","sharedpageconfiguration":false}</content>
  <iscustomizable>1</iscustomizable>
  <name>Search</name>
  <powerpagecomponenttype>2</powerpagecomponenttype>
  <powerpagesiteid>
    <powerpagesiteid>8e775667-1468-44d6-9383-4088b0cbc5d7</powerpagesiteid>
  </powerpagesiteid>
  <powerpagesitelanguageid>
    <powerpagesitelanguageid>6a38405c-01a0-4377-b6db-af494758f438</powerpagesitelanguageid>
  </powerpagesitelanguageid>
  <searchcontent>Search</searchcontent>
  <statecode>0</statecode>
  <statuscode>1</statuscode>
</powerpagecomponent>