{
  "properties": {
    "connectionReferences": {},
    "definition": {
      "$schema": "https://schema.management.azure.com/providers/Microsoft.Logic/schemas/2016-06-01/workflowdefinition.json#",
      "contentVersion": "1.0.0.0",
      "parameters": {
        "$authentication": {
          "defaultValue": {},
          "type": "SecureObject"
        }
      },
      "triggers": {
        "manual": {
          "metadata": {
            "operationMetadataId": "68c3bdac-1e22-48a4-ba53-84fa725e74c6"
          },
          "type": "Request",
          "kind": "PowerAppV2",
          "inputs": {
            "schema": {
              "type": "object",
              "properties": {
                "text": {
                  "title": "AssemblyJSON",
                  "type": "string",
                  "x-ms-dynamically-added": true,
                  "description": "Please enter your input",
                  "x-ms-content-hint": "TEXT"
                }
              },
              "required": [
                "text"
              ]
            }
          }
        }
      },
      "actions": {
        "Parse_JSON_for_Assembly": {
          "runAfter": {},
          "metadata": {
            "operationMetadataId": "033c36ae-bb93-45b9-97f3-6a2a52912605"
          },
          "type": "ParseJson",
          "inputs": {
            "content": "@triggerBody()?['text']",
            "schema": {
              "type": "array",
              "items": {
                "type": "object",
                "properties": {
                  "Borders": {
                    "type": "array",
                    "items": {
                      "type": "object",
                      "properties": {
                        "CardBorderName": {
                          "type": "string"
                        },
                        "IllustrationName": {
                          "type": "string"
                        },
                        "card": {
                          "type": "string"
                        },
                        "cardBorder": {
                          "type": "string"
                        },
                        "cardBorderActivity": {
                          "type": "string"
                        },
                        "illustration": {
                          "type": "string"
                        }
                      },
                      "required": [
                        "CardBorderName",
                        "IllustrationName",
                        "card",
                        "cardBorder",
                        "cardBorderActivity",
                        "illustration"
                      ]
                    }
                  },
                  "Card": {
                    "type": "string"
                  },
                  "Illustrations": {
                    "type": "array",
                    "items": {
                      "type": "object",
                      "properties": {
                        "CardBorderName": {
                          "type": "string"
                        },
                        "IllustrationName": {
                          "type": "string"
                        },
                        "card": {
                          "type": "string"
                        },
                        "cardBorder": {
                          "type": "string"
                        },
                        "illustration": {
                          "type": "string"
                        },
                        "illustrationActivity": {
                          "type": "string"
                        }
                      },
                      "required": [
                        "CardBorderName",
                        "IllustrationName",
                        "card",
                        "cardBorder",
                        "illustration",
                        "illustrationActivity"
                      ]
                    }
                  }
                },
                "required": [
                  "Borders",
                  "Card",
                  "Illustrations"
                ]
              }
            }
          }
        },
        "Apply_to_each_Card_in_the_assembly": {
          "foreach": "@body('Parse_JSON_for_Assembly')",
          "actions": {
            "Compose_card_ID": {
              "runAfter": {},
              "metadata": {
                "operationMetadataId": "40b0632b-7d31-4505-beac-adcde411a91f"
              },
              "type": "Compose",
              "inputs": "@items('Apply_to_each_Card_in_the_assembly')?['card']"
            },
            "Compose_activityArray_as_string": {
              "runAfter": {
                "Apply_to_each_border": [
                  "Succeeded"
                ]
              },
              "metadata": {
                "operationMetadataId": "124e1511-0c50-4e23-99c6-0f82c5f5d71c"
              },
              "type": "Compose",
              "inputs": "@string(variables('activityArray'))"
            },
            "Compose_illustrations": {
              "runAfter": {
                "Compose_card_ID": [
                  "Succeeded"
                ]
              },
              "metadata": {
                "operationMetadataId": "a98ad73a-eb3d-42d1-8a88-79a9d4d72d17"
              },
              "type": "Compose",
              "inputs": "@items('Apply_to_each_Card_in_the_assembly')[\r\n'Illustrations']"
            },
            "Compose_borders": {
              "runAfter": {
                "Apply_to_each_illustration": [
                  "Succeeded"
                ]
              },
              "metadata": {
                "operationMetadataId": "c4516fde-9aaa-46ad-93c4-7392e44da681"
              },
              "type": "Compose",
              "inputs": "@items('Apply_to_each_Card_in_the_assembly')[\r\n'Borders']"
            },
            "Apply_to_each_illustration": {
              "foreach": "@outputs('Compose_illustrations')",
              "actions": {
                "Append_to_array_variable_for_illustration": {
                  "runAfter": {},
                  "metadata": {
                    "operationMetadataId": "4ff6776d-06ef-43e4-92f5-cda69b2ff569"
                  },
                  "type": "AppendToArrayVariable",
                  "inputs": {
                    "name": "activityArray",
                    "value": "@items('Apply_to_each_illustration')?['IllustrationActivity']"
                  }
                }
              },
              "runAfter": {
                "Compose_illustrations": [
                  "Succeeded"
                ]
              },
              "metadata": {
                "operationMetadataId": "88bf0e7d-1cb5-4428-9188-a2a1f7336f66"
              },
              "type": "Foreach"
            },
            "Apply_to_each_border": {
              "foreach": "@outputs('Compose_borders')",
              "actions": {
                "Append_to_array_variable_for_card_border": {
                  "runAfter": {},
                  "metadata": {
                    "operationMetadataId": "9c2a7bf0-55d7-473a-a201-654803362f0b"
                  },
                  "type": "AppendToArrayVariable",
                  "inputs": {
                    "name": "activityArray",
                    "value": "@items('Apply_to_each_border')?['CardBorderActivity']"
                  }
                }
              },
              "runAfter": {
                "Compose_borders": [
                  "Succeeded"
                ]
              },
              "metadata": {
                "operationMetadataId": "bbc43435-3176-4408-9c7a-c517895c687f"
              },
              "type": "Foreach"
            },
            "Run_a_Child_Flow": {
              "runAfter": {
                "Compose_activityArray_as_string": [
                  "Succeeded"
                ]
              },
              "metadata": {
                "operationMetadataId": "1c76fcff-507d-46bd-bbc8-3d5275478321"
              },
              "type": "Workflow",
              "inputs": {
                "host": {
                  "workflowReferenceName": "485bb4b7-395b-ef11-bfe2-000d3a5a233e"
                },
                "body": {
                  "text": "@outputs('Compose_card_ID')",
                  "text_1": "@outputs('Compose_activityArray_as_string')",
                  "number": 1
                }
              }
            },
            "Set_variable_activityArray_clear": {
              "runAfter": {
                "Run_a_Child_Flow": [
                  "Succeeded"
                ]
              },
              "metadata": {
                "operationMetadataId": "a246cf7c-b158-471e-91ed-0abb710bce1b"
              },
              "type": "SetVariable",
              "inputs": {
                "name": "activityArray",
                "value": []
              }
            }
          },
          "runAfter": {
            "Initialize_variable_activityArray": [
              "Succeeded"
            ]
          },
          "metadata": {
            "operationMetadataId": "f8f864b9-46a6-4c40-94bb-4e7f03385100"
          },
          "type": "Foreach",
          "runtimeConfiguration": {
            "concurrency": {
              "repetitions": 20
            }
          }
        },
        "Initialize_variable_activityArray": {
          "runAfter": {
            "Parse_JSON_for_Assembly": [
              "Succeeded"
            ]
          },
          "metadata": {
            "operationMetadataId": "b229ef10-caba-4abd-8ca0-445569d579c2"
          },
          "type": "InitializeVariable",
          "inputs": {
            "variables": [
              {
                "name": "activityArray",
                "type": "array"
              }
            ]
          }
        }
      }
    },
    "templateName": null
  },
  "schemaVersion": "1.0.0.0"
}