{
  "properties": {
    "connectionReferences": {
      "shared_azureblob": {
        "runtimeSource": "invoker",
        "connection": {
          "connectionReferenceLogicalName": "new_sharedazureblob_aa2b0"
        },
        "api": {
          "name": "shared_azureblob"
        }
      }
    },
    "definition": {
      "$schema": "https://schema.management.azure.com/providers/Microsoft.Logic/schemas/2016-06-01/workflowdefinition.json#",
      "contentVersion": "1.0.0.0",
      "parameters": {
        "$connections": {
          "defaultValue": {},
          "type": "Object"
        },
        "$authentication": {
          "defaultValue": {},
          "type": "SecureObject"
        },
        "Container Names (mcdev_ContainerNames)": {
          "defaultValue": {
            "CONTAINER_NAME_STATIC_IMAGES": "dev-static-images",
            "CONTAINER_NAME_DYNAMIC_BEFORE": "dev-placeholder-images",
            "CONTAINER_NAME_DYNAMIC_AFTER": "dev-dynamic-images",
            "CONTAINER_NAME_HTML": "dev-html-renderings",
            "CONTAINER_NAME_PDF": "dev-pdf-files"
          },
          "type": "Object",
          "metadata": {
            "schemaName": "mcdev_ContainerNames"
          }
        },
        "Storage Account Name (mcdev_StorageAccountName)": {
          "defaultValue": "stgmcdmxtapedev",
          "type": "String",
          "metadata": {
            "schemaName": "mcdev_StorageAccountName"
          }
        }
      },
      "triggers": {
        "manual": {
          "metadata": {
            "operationMetadataId": "0fa82bc5-6951-4d1f-94ca-13f8c765149d"
          },
          "type": "Request",
          "kind": "PowerAppV2",
          "inputs": {
            "schema": {
              "type": "object",
              "properties": {},
              "required": []
            }
          }
        }
      },
      "actions": {
        "Lists_blobs_(V2)_cards_with_codes": {
          "runAfter": {
            "Parse_JSON": [
              "Succeeded"
            ]
          },
          "metadata": {
            "JTJmYnVzaW5lc3NjYXJkc3dpdGhjb2Rlcw==": "/businesscardswithcodes",
            "operationMetadataId": "949eaa01-54f7-4f0d-b06d-97923f1423f1"
          },
          "type": "OpenApiConnection",
          "inputs": {
            "host": {
              "connectionName": "shared_azureblob",
              "operationId": "ListFolder_V4",
              "apiId": "/providers/Microsoft.PowerApps/apis/shared_azureblob"
            },
            "parameters": {
              "dataset": "@parameters('Storage Account Name (mcdev_StorageAccountName)')",
              "id": "@body('Parse_JSON')?['CONTAINER_NAME_DYNAMIC_AFTER']",
              "nextPageMarker": "",
              "useFlatListing": false
            },
            "authentication": "@parameters('$authentication')"
          }
        },
        "Initialize_variable_html_back": {
          "runAfter": {
            "Initialize_variable_html_css": [
              "Succeeded"
            ]
          },
          "metadata": {
            "operationMetadataId": "bf782746-23f9-43e2-afb5-10218b00f38c"
          },
          "type": "InitializeVariable",
          "inputs": {
            "variables": [
              {
                "name": "html_back",
                "type": "string",
                "value": "<html>\n<head>\n    <style>\n@{variables('html_css')}\n        .clear {\n            clear: both;\n        }\n    </style>\n</head>\n\n<body>\n  <!--  <div style=\"page-break-after: always;\"></div> -->\n    <div class=\"page\">\n"
              }
            ]
          }
        },
        "Apply_to_each": {
          "foreach": "@outputs('Lists_blobs_(V2)_cards_with_codes')?['body/value']",
          "actions": {
            "Get_blob_content_(V2)": {
              "runAfter": {},
              "metadata": {
                "JTJmYnVzaW5lc3NjYXJkc3dpdGhjb2RlcyUyZmVsZXBoYW50LTEucG5n": "/businesscardswithcodes/elephant-1.png",
                "operationMetadataId": "c7d1379e-0a9c-4275-8544-3d7bfb922cc2"
              },
              "type": "OpenApiConnection",
              "inputs": {
                "host": {
                  "connectionName": "shared_azureblob",
                  "operationId": "GetFileContent_V2",
                  "apiId": "/providers/Microsoft.PowerApps/apis/shared_azureblob"
                },
                "parameters": {
                  "dataset": "@parameters('Storage Account Name (mcdev_StorageAccountName)')",
                  "id": "@item()?['Path']",
                  "inferContentType": true
                },
                "authentication": "@parameters('$authentication')"
              }
            },
            "Append_to_string_variable_back": {
              "runAfter": {
                "Compose_base64_of_back": [
                  "Succeeded"
                ]
              },
              "metadata": {
                "operationMetadataId": "550eea7d-38e6-473f-b096-49bc916d82da"
              },
              "type": "AppendToStringVariable",
              "inputs": {
                "name": "html_back",
                "value": "        <!-- Repeat this block for each card -->\n        <div class=\"card\">\n            <img src=\"data:image/png;base64, @{outputs('Compose_base64_of_back')}\" >\n        </div>\n\n        <!-- End of repeat block -->"
              }
            },
            "Compose_base64_of_back": {
              "runAfter": {
                "Get_blob_content_(V2)": [
                  "Succeeded"
                ]
              },
              "metadata": {
                "operationMetadataId": "ba2d496e-7e9a-4f64-93bf-7eb51ef0b36a"
              },
              "type": "Compose",
              "inputs": "@base64(body('Get_blob_content_(V2)'))"
            }
          },
          "runAfter": {
            "Initialize_variable_html_back": [
              "Succeeded"
            ]
          },
          "metadata": {
            "operationMetadataId": "8f6fc1c2-ae8d-436e-959f-7e31e26b168b"
          },
          "type": "Foreach",
          "runtimeConfiguration": {
            "concurrency": {
              "repetitions": 1
            }
          }
        },
        "Append_to_string_variable_close_tags_for_back": {
          "runAfter": {
            "Apply_to_each": [
              "Succeeded"
            ]
          },
          "metadata": {
            "operationMetadataId": "377d90fe-3a46-41f3-85d3-e371f34c325d"
          },
          "type": "AppendToStringVariable",
          "inputs": {
            "name": "html_back",
            "value": "    </div>\n</body>\n</html>"
          }
        },
        "Compose_back": {
          "runAfter": {
            "Append_to_string_variable_close_tags_for_back": [
              "Succeeded"
            ]
          },
          "metadata": {
            "operationMetadataId": "9c931f7c-2f3b-4f59-a59a-5321dfac0e3d"
          },
          "type": "Compose",
          "inputs": "@variables('html_back')"
        },
        "Create_blob_(V2)_back": {
          "runAfter": {
            "Compose_back": [
              "Succeeded"
            ]
          },
          "metadata": {
            "operationMetadataId": "7b70acd7-f9b9-4d66-8502-8c2158d79bc8"
          },
          "type": "OpenApiConnection",
          "inputs": {
            "host": {
              "connectionName": "shared_azureblob",
              "operationId": "CreateFile_V2",
              "apiId": "/providers/Microsoft.PowerApps/apis/shared_azureblob"
            },
            "parameters": {
              "dataset": "@parameters('Storage Account Name (mcdev_StorageAccountName)')",
              "folderPath": "@body('Parse_JSON')?['CONTAINER_NAME_HTML']",
              "name": "@{utcNow()}-1up.html",
              "body": "@outputs('Compose_back')"
            },
            "authentication": "@parameters('$authentication')"
          },
          "runtimeConfiguration": {
            "contentTransfer": {
              "transferMode": "Chunked"
            }
          }
        },
        "Run_a_Child_Flow": {
          "runAfter": {
            "Create_blob_(V2)_back": [
              "Succeeded"
            ]
          },
          "metadata": {
            "operationMetadataId": "e39d2e3c-9c59-44f0-aa40-92bac6235482"
          },
          "type": "Workflow",
          "inputs": {
            "host": {
              "workflowReferenceName": "6eaa10f5-0b3e-ef11-8409-0022480a7409"
            },
            "body": {
              "text": "@outputs('Create_blob_(V2)_back')?['body/Path']"
            }
          }
        },
        "Initialize_variable_html_css": {
          "runAfter": {
            "Lists_blobs_(V2)_cards_with_codes": [
              "Succeeded"
            ]
          },
          "metadata": {
            "operationMetadataId": "b6c107bb-727b-4aa3-8832-87fb93c05646"
          },
          "type": "InitializeVariable",
          "inputs": {
            "variables": [
              {
                "name": "html_css",
                "type": "string",
                "value": ".page {\n    width: 8.5in;\n    height: auto; /* Allow the height to grow as needed */\n    display: grid;\n    grid-template-columns: repeat(1, 4.25in); /* 1 column */\n    grid-gap: 0in; /* Adjust gap between cards */\n}\n\n.card {\n    width: 8.5in; \n    margin: 0 auto; /* Center the card horizontally */\n}\n\n.card img {\n    width: 100%;\n    height: 100%;\n    object-fit: contain;\n}\n"
              }
            ]
          }
        },
        "Parse_JSON": {
          "runAfter": {},
          "metadata": {
            "operationMetadataId": "294843fc-50e1-4015-9cb0-f89a4d983b67"
          },
          "type": "ParseJson",
          "inputs": {
            "content": "@parameters('Container Names (mcdev_ContainerNames)')",
            "schema": {
              "type": "object",
              "properties": {
                "CONTAINER_NAME_STATIC_IMAGES": {
                  "type": "string"
                },
                "CONTAINER_NAME_DYNAMIC_BEFORE": {
                  "type": "string"
                },
                "CONTAINER_NAME_DYNAMIC_AFTER": {
                  "type": "string"
                },
                "CONTAINER_NAME_HTML": {
                  "type": "string"
                },
                "CONTAINER_NAME_PDF": {
                  "type": "string"
                }
              }
            }
          }
        }
      }
    },
    "templateName": ""
  },
  "schemaVersion": "1.0.0.0"
}