{
  "properties": {
    "connectionReferences": {
      "shared_commondataserviceforapps": {
        "runtimeSource": "embedded",
        "connection": {
          "connectionReferenceLogicalName": "mcdev_sharedcommondataserviceforapps_91521"
        },
        "api": {
          "name": "shared_commondataserviceforapps"
        }
      }
    },
    "definition": {
      "$schema": "https://schema.management.azure.com/providers/Microsoft.Logic/schemas/2016-06-01/workflowdefinition.json#",
      "contentVersion": "1.0.0.0",
      "parameters": {
        "$connections": {
          "defaultValue": {},
          "type": "Object"
        },
        "$authentication": {
          "defaultValue": {},
          "type": "SecureObject"
        }
      },
      "triggers": {
        "manual": {
          "metadata": {
            "operationMetadataId": "e9e9906b-68c7-4055-9dd1-2e9ebe9a5f16"
          },
          "type": "Request",
          "kind": "PowerAppV2",
          "inputs": {
            "schema": {
              "type": "object",
              "properties": {
                "text": {
                  "title": "Deck GUID",
                  "type": "string",
                  "x-ms-dynamically-added": true,
                  "description": "Please enter your input",
                  "x-ms-content-hint": "TEXT"
                },
                "text_1": {
                  "description": "Please enter your input",
                  "title": "card",
                  "type": "string",
                  "x-ms-content-hint": "TEXT",
                  "x-ms-dynamically-added": true
                }
              },
              "required": [
                "text",
                "text_1"
              ]
            }
          }
        }
      },
      "actions": {
        "Respond_to_a_Power_App_or_flow": {
          "runAfter": {
            "HTTP": [
              "Succeeded"
            ]
          },
          "metadata": {
            "operationMetadataId": "c958d62b-4763-4f85-8fe2-486d8b2821f5"
          },
          "type": "Response",
          "kind": "PowerApp",
          "inputs": {
            "statusCode": 200,
            "body": {
              "status": "200",
              "message": "Cards created"
            },
            "schema": {
              "type": "object",
              "properties": {
                "status": {
                  "title": "Status",
                  "x-ms-dynamically-added": true,
                  "type": "string"
                },
                "message": {
                  "title": "Message",
                  "x-ms-dynamically-added": true,
                  "type": "string"
                }
              }
            }
          }
        },
        "Get_a_row_by_ID": {
          "runAfter": {},
          "metadata": {
            "operationMetadataId": "132ffd4e-1f3f-4f5f-b7c6-6f06578ec763"
          },
          "type": "OpenApiConnection",
          "inputs": {
            "parameters": {
              "entityName": "mcdev_decks",
              "recordId": "@triggerBody()?['text']"
            },
            "host": {
              "connectionName": "shared_commondataserviceforapps",
              "operationId": "GetItem",
              "apiId": "/providers/Microsoft.PowerApps/apis/shared_commondataserviceforapps"
            }
          }
        },
        "List_rows": {
          "runAfter": {
            "Get_a_row_by_ID": [
              "Succeeded"
            ]
          },
          "metadata": {
            "operationMetadataId": "4131fb09-e087-4e06-969b-cc934e6622ee"
          },
          "type": "OpenApiConnection",
          "inputs": {
            "parameters": {
              "entityName": "new_invoices",
              "$filter": "mcdev_Deck/mcdev_deckid eq '@{body('Get_a_row_by_ID')?['mcdev_deckid']}'"
            },
            "host": {
              "connectionName": "shared_commondataserviceforapps",
              "operationId": "ListRecords",
              "apiId": "/providers/Microsoft.PowerApps/apis/shared_commondataserviceforapps"
            }
          }
        },
        "Initialize_variable_URLs": {
          "runAfter": {
            "List_rows": [
              "Succeeded"
            ]
          },
          "metadata": {
            "operationMetadataId": "eb5db6ed-4f9a-45f3-9cd3-869c59e014c5"
          },
          "type": "InitializeVariable",
          "inputs": {
            "variables": [
              {
                "name": "url_array",
                "type": "array"
              }
            ]
          }
        },
        "Apply_to_each": {
          "foreach": "@outputs('List_rows')?['body/value']",
          "actions": {
            "Append_to_array_variable_URLs": {
              "runAfter": {},
              "metadata": {
                "operationMetadataId": "7e9ae048-b41e-4b32-b8a8-d0200ecc4578"
              },
              "type": "AppendToArrayVariable",
              "inputs": {
                "name": "url_array",
                "value": "@item()?['mcdev_qrcodeurl']"
              }
            }
          },
          "runAfter": {
            "Initialize_variable_URLs": [
              "Succeeded"
            ]
          },
          "metadata": {
            "operationMetadataId": "2fd9ea45-db01-4df6-b34e-d59bf2f44d19"
          },
          "type": "Foreach"
        },
        "HTTP": {
          "runAfter": {
            "Compose": [
              "Succeeded"
            ]
          },
          "metadata": {
            "operationMetadataId": "22e6803d-cdc6-4cd4-9baa-cb4c50a20cbd"
          },
          "type": "Http",
          "inputs": {
            "method": "POST",
            "uri": "https://modelcitizendeveloper-mixtape-http-overlay.azurewebsites.net/api/http_businesscard_dynamicQR",
            "headers": {
              "Content-Type": "application/json",
              "x-functions-key": "qXsIzeRmymwx-EzC3fSRIh4UJcOue30iZCEJFz7vae_WAzFu5KKEOA=="
            },
            "body": "@outputs('Compose')"
          },
          "runtimeConfiguration": {
            "contentTransfer": {
              "transferMode": "Chunked"
            }
          }
        },
        "Compose": {
          "runAfter": {
            "Apply_to_each": [
              "Succeeded"
            ]
          },
          "metadata": {
            "operationMetadataId": "7f045613-b537-4db5-88cc-b7dd086307a7"
          },
          "type": "Compose",
          "inputs": "@json(concat('{ \"card\": \"', triggerBody()?['text_1'],'\", \"urls\": ',\r\nstring(variables('url_array')),'}'))"
        }
      }
    },
    "templateName": ""
  },
  "schemaVersion": "1.0.0.0"
}