{
  "properties": {
    "connectionReferences": {
      "shared_commondataserviceforapps": {
        "runtimeSource": "embedded",
        "connection": {
          "connectionReferenceLogicalName": "mcdev_sharedcommondataserviceforapps_5793f"
        },
        "api": {
          "name": "shared_commondataserviceforapps"
        }
      }
    },
    "definition": {
      "$schema": "https://schema.management.azure.com/providers/Microsoft.Logic/schemas/2016-06-01/workflowdefinition.json#",
      "contentVersion": "undefined",
      "parameters": {
        "$connections": {
          "defaultValue": {},
          "type": "Object"
        },
        "$authentication": {
          "defaultValue": {},
          "type": "SecureObject"
        }
      },
      "triggers": {
        "manual": {
          "metadata": {
            "operationMetadataId": "e2c1fc80-f35c-4bfe-8a11-0fb8558cd140"
          },
          "type": "Request",
          "kind": "Button",
          "inputs": {
            "schema": {
              "type": "object",
              "properties": {
                "text": {
                  "description": "Please enter your input",
                  "title": "myGUID",
                  "type": "string",
                  "x-ms-content-hint": "TEXT",
                  "x-ms-dynamically-added": true
                }
              },
              "required": [
                "text"
              ]
            }
          }
        }
      },
      "actions": {
        "Http": {
          "runAfter": {
            "Compose_the_URL_request": [
              "Succeeded"
            ]
          },
          "metadata": {
            "operationMetadataId": "50b77d0b-049c-4a90-9b3f-d675ea7cb833"
          },
          "type": "Http",
          "inputs": {
            "method": "GET",
            "uri": "https://modelcitizendeveloper-mixtape-http-qrcode.azurewebsites.net/api/http_qrcode",
            "queries": {
              "code": "ynNZp4YRBcE1NUatG0iuJm0LI-K0PgKiw4CSsPiMF9slAzFuky8cug==",
              "text": "@{outputs('Compose_the_URL_request')}"
            }
          }
        },
        "Update_a_row": {
          "runAfter": {
            "Http": [
              "Succeeded"
            ]
          },
          "metadata": {
            "operationMetadataId": "b58f4b4e-8902-427a-9277-aa16f8886376"
          },
          "type": "OpenApiConnection",
          "inputs": {
            "parameters": {
              "entityName": "new_invoices",
              "recordId": "@triggerBody()?['text']",
              "item/mcdev_qrcode": "@{base64(body('Http'))}",
              "item/mcdev_qrcodeurl": "@outputs('Compose_the_URL_request')",
              "item/mcdev_qrkey": "@outputs('Compose_a_random_number')"
            },
            "host": {
              "connectionName": "shared_commondataserviceforapps",
              "operationId": "UpdateRecord",
              "apiId": "/providers/Microsoft.PowerApps/apis/shared_commondataserviceforapps"
            },
            "authentication": "@parameters('$authentication')"
          }
        },
        "Compose_a_random_number": {
          "runAfter": {
            "Initialize_variable": [
              "Succeeded"
            ]
          },
          "metadata": {
            "operationMetadataId": "34f06b7d-69df-4fc8-90a5-9e0b352bf56a"
          },
          "type": "Compose",
          "inputs": "@rand(1000000000,9999999999)"
        },
        "Compose_the_URL_request": {
          "runAfter": {
            "Compose_a_random_number": [
              "Succeeded"
            ]
          },
          "metadata": {
            "operationMetadataId": "4479b8ec-db40-4ce1-bd4a-ab6b7feb5d75"
          },
          "type": "Compose",
          "inputs": "@concat(variables('SiteName'),'?inv=',outputs('Get_trip_row')?['body/new_number'],'&key=',outputs('Compose_a_random_number'))"
        },
        "Initialize_variable": {
          "runAfter": {
            "Get_trip_row": [
              "Succeeded"
            ]
          },
          "metadata": {
            "operationMetadataId": "3912b935-42eb-4fac-8cf4-8515defa51b0"
          },
          "type": "InitializeVariable",
          "inputs": {
            "variables": [
              {
                "name": "SiteName",
                "type": "string",
                "value": "https://site-jyz9a.powerappsportals.com/"
              }
            ]
          }
        },
        "Respond_to_a_Power_App_or_flow": {
          "runAfter": {
            "Compose_QR_Code_URL_for_return_value": [
              "Succeeded"
            ]
          },
          "metadata": {
            "operationMetadataId": "203d3f20-7f03-478e-af02-7ed4fd84e172"
          },
          "type": "Response",
          "kind": "PowerApp",
          "inputs": {
            "statusCode": 200,
            "body": {
              "qr_code_url": "@outputs('Compose_QR_Code_URL_for_return_value')"
            },
            "schema": {
              "type": "object",
              "properties": {
                "qr_code_url": {
                  "title": "QR Code URL",
                  "x-ms-dynamically-added": true,
                  "type": "string"
                }
              }
            }
          }
        },
        "Get_trip_row": {
          "runAfter": {},
          "metadata": {
            "operationMetadataId": "440f1735-b009-4bea-83c1-454c9b777987"
          },
          "type": "OpenApiConnection",
          "inputs": {
            "parameters": {
              "entityName": "new_invoices",
              "recordId": "@triggerBody()['text']"
            },
            "host": {
              "connectionName": "shared_commondataserviceforapps",
              "operationId": "GetItem",
              "apiId": "/providers/Microsoft.PowerApps/apis/shared_commondataserviceforapps"
            },
            "authentication": "@parameters('$authentication')"
          }
        },
        "Compose_QR_Code_URL_for_return_value": {
          "runAfter": {
            "Update_a_row": [
              "Succeeded"
            ]
          },
          "metadata": {
            "operationMetadataId": "4c9a714d-ad1f-4065-a2aa-389bb93e95c5"
          },
          "type": "Compose",
          "inputs": "@body('Update_a_row')?['mcdev_qrcodeurl']"
        }
      }
    },
    "templateName": ""
  },
  "schemaVersion": "1.0.0.0"
}