{
  "properties": {
    "connectionReferences": {
      "shared_commondataserviceforapps": {
        "runtimeSource": "embedded",
        "connection": {
          "connectionReferenceLogicalName": "mcdev_sharedcommondataserviceforapps_91521"
        },
        "api": {
          "name": "shared_commondataserviceforapps"
        }
      }
    },
    "definition": {
      "$schema": "https://schema.management.azure.com/providers/Microsoft.Logic/schemas/2016-06-01/workflowdefinition.json#",
      "contentVersion": "1.0.0.0",
      "parameters": {
        "$connections": {
          "defaultValue": {},
          "type": "Object"
        },
        "$authentication": {
          "defaultValue": {},
          "type": "SecureObject"
        }
      },
      "triggers": {
        "manual": {
          "metadata": {
            "operationMetadataId": "e9e9906b-68c7-4055-9dd1-2e9ebe9a5f16"
          },
          "type": "Request",
          "kind": "PowerAppV2",
          "inputs": {
            "schema": {
              "type": "object",
              "properties": {
                "text": {
                  "title": "Deck GUID",
                  "type": "string",
                  "x-ms-dynamically-added": true,
                  "description": "Please enter your input",
                  "x-ms-content-hint": "TEXT"
                }
              },
              "required": [
                "text"
              ]
            }
          }
        }
      },
      "actions": {
        "Respond_to_a_Power_App_or_flow": {
          "runAfter": {
            "Apply_to_each_Card": [
              "Succeeded"
            ]
          },
          "metadata": {
            "operationMetadataId": "c958d62b-4763-4f85-8fe2-486d8b2821f5"
          },
          "type": "Response",
          "kind": "PowerApp",
          "inputs": {
            "statusCode": 200,
            "body": {
              "status": "200",
              "message": "Cards created"
            },
            "schema": {
              "type": "object",
              "properties": {
                "status": {
                  "title": "Status",
                  "x-ms-dynamically-added": true,
                  "type": "string"
                },
                "message": {
                  "title": "Message",
                  "x-ms-dynamically-added": true,
                  "type": "string"
                }
              }
            }
          }
        },
        "Get_a_row_by_ID_for_Decks": {
          "runAfter": {},
          "metadata": {
            "operationMetadataId": "132ffd4e-1f3f-4f5f-b7c6-6f06578ec763"
          },
          "type": "OpenApiConnection",
          "inputs": {
            "host": {
              "connectionName": "shared_commondataserviceforapps",
              "operationId": "GetItem",
              "apiId": "/providers/Microsoft.PowerApps/apis/shared_commondataserviceforapps"
            },
            "parameters": {
              "entityName": "mcdev_decks",
              "recordId": "@triggerBody()?['text']"
            },
            "authentication": "@parameters('$authentication')"
          }
        },
        "List_rows_of_Cards_for_this_Deck": {
          "runAfter": {
            "Get_a_row_by_ID_for_Decks": [
              "Succeeded"
            ]
          },
          "metadata": {
            "operationMetadataId": "4131fb09-e087-4e06-969b-cc934e6622ee"
          },
          "type": "OpenApiConnection",
          "inputs": {
            "host": {
              "connectionName": "shared_commondataserviceforapps",
              "operationId": "ListRecords",
              "apiId": "/providers/Microsoft.PowerApps/apis/shared_commondataserviceforapps"
            },
            "parameters": {
              "entityName": "mcdev_cards",
              "$filter": "mcdev_Deck/mcdev_deckid eq '@{body('Get_a_row_by_ID_for_Decks')?['mcdev_deckid']}'"
            },
            "authentication": "@parameters('$authentication')"
          }
        },
        "Apply_to_each_Card": {
          "foreach": "@outputs('List_rows_of_Cards_for_this_Deck')?['body/value']",
          "actions": {
            "Run_a_Child_Flow": {
              "runAfter": {},
              "metadata": {
                "operationMetadataId": "bc876044-765b-4f8a-b411-ded3aadfa33a"
              },
              "type": "Workflow",
              "inputs": {
                "host": {
                  "workflowReferenceName": "07a86f0b-0b67-ef11-bfe2-000d3a5ca663"
                },
                "body": {
                  "text": "@items('Apply_to_each_Card')?['mcdev_cardid']",
                  "text_1": "NONE"
                }
              }
            }
          },
          "runAfter": {
            "List_rows_of_Cards_for_this_Deck": [
              "Succeeded"
            ]
          },
          "metadata": {
            "operationMetadataId": "2fd9ea45-db01-4df6-b34e-d59bf2f44d19"
          },
          "type": "Foreach",
          "runtimeConfiguration": {
            "concurrency": {
              "repetitions": 20
            }
          }
        }
      }
    },
    "templateName": ""
  },
  "schemaVersion": "1.0.0.0"
}