{
  "properties": {
    "connectionReferences": {},
    "definition": {
      "$schema": "https://schema.management.azure.com/providers/Microsoft.Logic/schemas/2016-06-01/workflowdefinition.json#",
      "contentVersion": "1.0.0.0",
      "parameters": {
        "$authentication": {
          "defaultValue": {},
          "type": "SecureObject"
        }
      },
      "triggers": {
        "manual": {
          "metadata": {
            "operationMetadataId": "76c735aa-8019-4f22-9926-be8bedfe29a8"
          },
          "type": "Request",
          "kind": "Http",
          "inputs": {
            "schema": {
              "type": "array",
              "items": {
                "type": "object",
                "properties": {
                  "Borders": {
                    "type": "array"
                  },
                  "Card": {
                    "type": "string"
                  },
                  "CardURL": {},
                  "Illustrations": {
                    "type": "array",
                    "items": {
                      "type": "object",
                      "properties": {
                        "CardBorderName": {
                          "type": "string"
                        },
                        "IllustrationName": {
                          "type": "string"
                        },
                        "card": {
                          "type": "string"
                        },
                        "cardBorder": {
                          "type": "string"
                        },
                        "cardURL": {},
                        "illustration": {
                          "type": "string"
                        },
                        "illustrationActivity": {
                          "type": "string"
                        }
                      },
                      "required": [
                        "CardBorderName",
                        "IllustrationName",
                        "card",
                        "cardBorder",
                        "cardURL",
                        "illustration",
                        "illustrationActivity"
                      ]
                    }
                  }
                },
                "required": [
                  "Borders",
                  "Card",
                  "CardURL",
                  "Illustrations"
                ]
              }
            },
            "method": "PUT",
            "triggerAuthenticationType": "Tenant"
          }
        }
      },
      "actions": {
        "Run_a_Child_Flow_2": {
          "runAfter": {},
          "metadata": {
            "operationMetadataId": "80992b5a-729e-4e7a-833d-c69d7a8abd0b"
          },
          "type": "Workflow",
          "inputs": {
            "host": {
              "workflowReferenceName": "457d0ebc-535b-ef11-bfe2-000d3a5a233e"
            },
            "body": {
              "text": "@triggerBody()"
            }
          }
        }
      }
    },
    "templateName": ""
  },
  "schemaVersion": "1.0.0.0"
}