{
  "properties": {
    "connectionReferences": {},
    "definition": {
      "$schema": "https://schema.management.azure.com/providers/Microsoft.Logic/schemas/2016-06-01/workflowdefinition.json#",
      "contentVersion": "undefined",
      "parameters": {
        "$authentication": {
          "defaultValue": {},
          "type": "SecureObject"
        },
        "$connections": {
          "defaultValue": {},
          "type": "Object"
        }
      },
      "triggers": {
        "manual": {
          "metadata": {
            "operationMetadataId": "e2c1fc80-f35c-4bfe-8a11-0fb8558cd140"
          },
          "type": "Request",
          "kind": "Button",
          "inputs": {
            "schema": {
              "type": "object",
              "properties": {},
              "required": []
            }
          }
        }
      },
      "actions": {
        "Respond_to_a_Power_App_or_flow": {
          "runAfter": {
            "Apply_to_each_hour": [
              "Succeeded"
            ]
          },
          "metadata": {
            "operationMetadataId": "203d3f20-7f03-478e-af02-7ed4fd84e172"
          },
          "type": "Response",
          "kind": "PowerApp",
          "inputs": {
            "schema": {
              "type": "object",
              "properties": {},
              "additionalProperties": {}
            },
            "statusCode": 200,
            "body": {}
          }
        },
        "Initialize_variable_hh": {
          "runAfter": {},
          "type": "InitializeVariable",
          "inputs": {
            "variables": [
              {
                "name": "hh",
                "type": "integer",
                "value": 0
              }
            ]
          }
        },
        "Apply_to_each_hour": {
          "foreach": "@outputs('Compose_hours')",
          "actions": {
            "Increment_variable_hh": {
              "runAfter": {
                "Apply_to_each_minute": [
                  "Succeeded"
                ]
              },
              "type": "IncrementVariable",
              "inputs": {
                "name": "hh",
                "value": 1
              }
            },
            "Compose_hh": {
              "type": "Compose",
              "inputs": "@formatNumber(variables('hh'),'00')"
            },
            "Apply_to_each_minute": {
              "foreach": "@outputs('Compose_minutes')",
              "actions": {
                "Compose_hh_mm": {
                  "type": "Compose",
                  "inputs": "@concat(formatNumber(variables('hh'),'00'),':',formatNumber(variables('mm'),'00'))"
                },
                "Increment_variable_mm": {
                  "runAfter": {
                    "Append_to_array_variable": [
                      "Succeeded"
                    ]
                  },
                  "type": "IncrementVariable",
                  "inputs": {
                    "name": "mm",
                    "value": 1
                  }
                },
                "Append_to_array_variable": {
                  "runAfter": {
                    "Compose_hh_mm": [
                      "Succeeded"
                    ]
                  },
                  "type": "AppendToArrayVariable",
                  "inputs": {
                    "name": "timeArray",
                    "value": "@outputs('Compose_hh_mm')"
                  }
                }
              },
              "runAfter": {
                "Set_variable_reset_mm": [
                  "Succeeded"
                ]
              },
              "type": "Foreach"
            },
            "Set_variable_reset_mm": {
              "runAfter": {
                "Compose_hh": [
                  "Succeeded"
                ]
              },
              "type": "SetVariable",
              "inputs": {
                "name": "mm",
                "value": 0
              }
            }
          },
          "runAfter": {
            "Compose_minutes": [
              "Succeeded"
            ]
          },
          "type": "Foreach"
        },
        "Compose_hours": {
          "runAfter": {
            "Initialize_variable_timeArray": [
              "Succeeded"
            ]
          },
          "type": "Compose",
          "inputs": "@range(0,24)"
        },
        "Initialize_variable_mm": {
          "runAfter": {
            "Initialize_variable_hh": [
              "Succeeded"
            ]
          },
          "type": "InitializeVariable",
          "inputs": {
            "variables": [
              {
                "name": "mm",
                "type": "integer",
                "value": 0
              }
            ]
          }
        },
        "Compose_minutes": {
          "runAfter": {
            "Compose_hours": [
              "Succeeded"
            ]
          },
          "type": "Compose",
          "inputs": "@range(0,60)"
        },
        "Initialize_variable_timeArray": {
          "runAfter": {
            "Initialize_variable_mm": [
              "Succeeded"
            ]
          },
          "type": "InitializeVariable",
          "inputs": {
            "variables": [
              {
                "name": "timeArray",
                "type": "array"
              }
            ]
          }
        }
      }
    },
    "templateName": null
  },
  "schemaVersion": "1.0.0.0"
}