{
  "properties": {
    "connectionReferences": {
      "shared_azureblob": {
        "runtimeSource": "embedded",
        "connection": {
          "connectionReferenceLogicalName": "mcdev_sharedazureblob_96481"
        },
        "api": {
          "name": "shared_azureblob"
        }
      }
    },
    "definition": {
      "$schema": "https://schema.management.azure.com/providers/Microsoft.Logic/schemas/2016-06-01/workflowdefinition.json#",
      "contentVersion": "undefined",
      "parameters": {
        "$authentication": {
          "defaultValue": {},
          "type": "SecureObject"
        },
        "$connections": {
          "defaultValue": {},
          "type": "Object"
        }
      },
      "triggers": {
        "manual": {
          "type": "Request",
          "kind": "PowerAppV2",
          "inputs": {
            "schema": {
              "type": "object",
              "properties": {
                "text": {
                  "description": "Please enter your input",
                  "title": "blob_name",
                  "type": "string",
                  "x-ms-content-hint": "TEXT",
                  "x-ms-dynamically-added": true
                },
                "text_1": {
                  "description": "Please enter your input",
                  "title": "container_name",
                  "type": "string",
                  "x-ms-content-hint": "TEXT",
                  "x-ms-dynamically-added": true
                },
                "text_2": {
                  "description": "Please enter your input",
                  "title": "account_name",
                  "type": "string",
                  "x-ms-content-hint": "TEXT",
                  "x-ms-dynamically-added": true
                }
              },
              "required": [
                "text",
                "text_1",
                "text_2"
              ]
            }
          }
        }
      },
      "actions": {
        "Respond_to_a_Power_App_or_flow": {
          "runAfter": {
            "Compose_workflow_reference": [
              "Succeeded"
            ]
          },
          "type": "Response",
          "kind": "PowerApp",
          "inputs": {
            "schema": {
              "type": "object",
              "properties": {
                "imagedata": {
                  "title": "imagedata",
                  "type": "string",
                  "x-ms-content-hint": "TEXT",
                  "x-ms-dynamically-added": true
                },
                "workflowref": {
                  "title": "workflowRef",
                  "type": "string",
                  "x-ms-content-hint": "TEXT",
                  "x-ms-dynamically-added": true
                }
              },
              "additionalProperties": {}
            },
            "statusCode": 200,
            "body": {
              "imagedata": "@outputs('Compose_image_data')",
              "workflowref": "@outputs('Compose_workflow_reference')"
            }
          }
        },
        "Compose_image_data": {
          "runAfter": {
            "Get_blob_content_using_path_(V2)": [
              "Succeeded"
            ]
          },
          "type": "Compose",
          "inputs": "@base64(body('Get_blob_content_using_path_(V2)'))"
        },
        "Get_blob_content_using_path_(V2)": {
          "runAfter": {},
          "type": "OpenApiConnection",
          "inputs": {
            "parameters": {
              "dataset": "@triggerBody()?['text_2']",
              "path": "@{triggerBody()?['text_1']}/@{triggerBody()?['text']}",
              "inferContentType": true
            },
            "host": {
              "apiId": "/providers/Microsoft.PowerApps/apis/shared_azureblob",
              "connectionName": "shared_azureblob",
              "operationId": "GetFileContentByPath_V2"
            },
            "authentication": {
              "value": "@json(decodeBase64(triggerOutputs().headers['X-MS-APIM-Tokens']))['$ConnectionKey']",
              "type": "Raw"
            }
          }
        },
        "Compose_workflow_reference": {
          "runAfter": {
            "Compose_image_data": [
              "Succeeded"
            ]
          },
          "type": "Compose",
          "inputs": "@workflow().Run"
        }
      }
    },
    "templateName": null
  },
  "schemaVersion": "1.0.0.0"
}