{
  "properties": {
    "connectionReferences": {
      "shared_azureblob": {
        "runtimeSource": "embedded",
        "connection": {
          "connectionReferenceLogicalName": "mcdev_sharedazureblob_96481"
        },
        "api": {
          "name": "shared_azureblob"
        }
      }
    },
    "definition": {
      "$schema": "https://schema.management.azure.com/providers/Microsoft.Logic/schemas/2016-06-01/workflowdefinition.json#",
      "contentVersion": "undefined",
      "parameters": {
        "$authentication": {
          "defaultValue": {},
          "type": "SecureObject"
        },
        "$connections": {
          "defaultValue": {},
          "type": "Object"
        }
      },
      "triggers": {
        "manual": {
          "metadata": {},
          "type": "Request",
          "kind": "Http",
          "inputs": {
            "schema": {
              "type": "object",
              "properties": {
                "file": {
                  "description": "Please select file or image",
                  "title": "image_file",
                  "type": "object",
                  "properties": {
                    "contentBytes": {
                      "type": "string",
                      "format": "byte"
                    },
                    "name": {
                      "type": "string"
                    }
                  },
                  "x-ms-content-hint": "FILE",
                  "x-ms-dynamically-added": true
                },
                "image_name": {
                  "description": "Please enter the image name",
                  "title": "image_name",
                  "type": "string",
                  "x-ms-content-hint": "TEXT",
                  "x-ms-dynamically-added": true
                },
                "blob_name": {
                  "description": "Please enter your input",
                  "title": "blob_name",
                  "type": "string",
                  "x-ms-content-hint": "TEXT",
                  "x-ms-dynamically-added": true
                },
                "container_name": {
                  "description": "Please enter your input",
                  "title": "container_name",
                  "type": "string",
                  "x-ms-content-hint": "TEXT",
                  "x-ms-dynamically-added": true
                },
                "account_name": {
                  "description": "Please enter your input",
                  "title": "account_name",
                  "type": "string",
                  "x-ms-content-hint": "TEXT",
                  "x-ms-dynamically-added": true
                }
              },
              "required": [
                "file",
                "image_name",
                "blob_name",
                "container_name",
                "account_name"
              ]
            },
            "triggerAuthenticationType": "Tenant"
          }
        }
      },
      "actions": {
        "Create_blob_(V2)": {
          "runAfter": {},
          "type": "OpenApiConnection",
          "inputs": {
            "parameters": {
              "dataset": "@triggerBody()?['account_name']",
              "folderPath": "@triggerBody()?['container_name']",
              "name": "@triggerBody()?['blob_name']",
              "body": "@triggerBody()?['file']?['contentBytes']"
            },
            "host": {
              "apiId": "/providers/Microsoft.PowerApps/apis/shared_azureblob",
              "connectionName": "shared_azureblob",
              "operationId": "CreateFile_V2"
            },
            "authentication": "@parameters('$authentication')"
          },
          "runtimeConfiguration": {
            "contentTransfer": {
              "transferMode": "Chunked"
            }
          }
        },
        "Respond_to_a_Power_App_or_flow": {
          "runAfter": {
            "Compose": [
              "Succeeded"
            ]
          },
          "type": "Response",
          "kind": "PowerApp",
          "inputs": {
            "schema": {
              "type": "object",
              "properties": {
                "imagedata": {
                  "title": "imagedata",
                  "type": "string",
                  "x-ms-content-hint": "TEXT",
                  "x-ms-dynamically-added": true
                }
              },
              "additionalProperties": {}
            },
            "statusCode": 200,
            "body": {
              "imagedata": "@outputs('Compose')"
            }
          }
        },
        "Compose": {
          "runAfter": {
            "Create_blob_(V2)": [
              "Succeeded"
            ]
          },
          "type": "Compose",
          "inputs": "@base64(triggerBody()?['file']?['contentBytes'])"
        }
      }
    },
    "templateName": null
  },
  "schemaVersion": "1.0.0.0"
}