{
  "properties": {
    "connectionReferences": {},
    "definition": {
      "$schema": "https://schema.management.azure.com/providers/Microsoft.Logic/schemas/2016-06-01/workflowdefinition.json#",
      "contentVersion": "undefined",
      "parameters": {
        "$authentication": {
          "defaultValue": {},
          "type": "SecureObject"
        }
      },
      "triggers": {
        "manual": {
          "metadata": {
            "operationMetadataId": "4b5bfb02-fe26-4fee-8857-c9fbe887f3e8"
          },
          "type": "Request",
          "kind": "PowerAppV2",
          "inputs": {
            "schema": {
              "type": "object",
              "properties": {
                "text": {
                  "description": "Please enter your input",
                  "title": "blob_name",
                  "type": "string",
                  "x-ms-content-hint": "TEXT",
                  "x-ms-dynamically-added": true
                },
                "text_1": {
                  "description": "Please enter your input",
                  "title": "container_name",
                  "type": "string",
                  "x-ms-content-hint": "TEXT",
                  "x-ms-dynamically-added": true
                },
                "text_2": {
                  "description": "Please enter your input",
                  "title": "account_name",
                  "type": "string",
                  "x-ms-content-hint": "TEXT",
                  "x-ms-dynamically-added": true
                }
              },
              "required": [
                "text",
                "text_1",
                "text_2"
              ]
            }
          }
        }
      },
      "actions": {
        "Run_a_Child_Flow": {
          "runAfter": {},
          "metadata": {
            "operationMetadataId": "8be4fec2-f02d-4c74-bb25-edb1abf4d828"
          },
          "type": "Workflow",
          "inputs": {
            "host": {
              "workflowReferenceName": "725e79c9-7365-ef11-bfe2-000d3a5ca663"
            },
            "body": {
              "text": "@triggerBody()['text']",
              "text_1": "@triggerBody()['text_1']",
              "text_2": "@triggerBody()['text_2']"
            }
          }
        },
        "HTTP": {
          "runAfter": {
            "Compose": [
              "Succeeded"
            ]
          },
          "metadata": {
            "operationMetadataId": "db0bec7e-b54c-46c9-b534-c5e924aa7208"
          },
          "type": "Http",
          "inputs": {
            "method": "POST",
            "uri": "https://modelcitizendeveloper-mixtape-http-overlay.azurewebsites.net/api/http_qrcodedetect",
            "headers": {
              "x-functions-key": "qXsIzeRmymwx-EzC3fSRIh4UJcOue30iZCEJFz7vae_WAzFu5KKEOA=="
            },
            "body": "@outputs('Compose')"
          }
        },
        "Compose": {
          "runAfter": {
            "Run_a_Child_Flow": [
              "Succeeded"
            ]
          },
          "metadata": {
            "operationMetadataId": "745c3f8d-1f89-44de-b121-2b446acace9a"
          },
          "type": "Compose",
          "inputs": "@json(concat('{ \"image\":\"',outputs('Run_a_Child_Flow')?['Body']?['imagedata'],'\" }'))"
        },
        "Respond_to_a_Power_App_or_flow": {
          "runAfter": {
            "HTTP": [
              "Succeeded"
            ]
          },
          "metadata": {
            "operationMetadataId": "2b24922c-ff17-48cb-933f-570f849d7639"
          },
          "type": "Response",
          "kind": "PowerApp",
          "inputs": {
            "statusCode": 200,
            "body": {
              "coordinates": "@{body('HTTP')}"
            },
            "schema": {
              "type": "object",
              "properties": {
                "coordinates": {
                  "title": "coordinates",
                  "x-ms-dynamically-added": true,
                  "type": "string"
                }
              }
            }
          }
        }
      }
    },
    "templateName": ""
  },
  "schemaVersion": "1.0.0.0"
}