{
  "properties": {
    "connectionReferences": {},
    "definition": {
      "$schema": "https://schema.management.azure.com/providers/Microsoft.Logic/schemas/2016-06-01/workflowdefinition.json#",
      "contentVersion": "1.0.0.0",
      "parameters": {
        "$authentication": {
          "defaultValue": {},
          "type": "SecureObject"
        }
      },
      "triggers": {
        "manual": {
          "metadata": {
            "operationMetadataId": "621cd021-bd9e-4c3a-9f83-f81b35250c3f"
          },
          "type": "Request",
          "kind": "PowerAppV2",
          "inputs": {
            "schema": {
              "type": "object",
              "properties": {
                "text": {
                  "title": "file",
                  "type": "string",
                  "x-ms-dynamically-added": true,
                  "description": "Please enter your input",
                  "x-ms-content-hint": "TEXT"
                },
                "text_1": {
                  "title": "url",
                  "type": "string",
                  "x-ms-dynamically-added": true,
                  "description": "Please enter your input",
                  "x-ms-content-hint": "TEXT"
                },
                "text_2": {
                  "title": "dark",
                  "type": "string",
                  "x-ms-dynamically-added": true,
                  "description": "Color for dark part",
                  "x-ms-content-hint": "TEXT"
                },
                "text_3": {
                  "title": "light",
                  "type": "string",
                  "x-ms-dynamically-added": true,
                  "description": "Color for light part",
                  "x-ms-content-hint": "TEXT"
                }
              },
              "required": [
                "text",
                "text_1",
                "text_2",
                "text_3"
              ]
            }
          }
        }
      },
      "actions": {
        "Respond_to_a_Power_App_or_flow": {
          "runAfter": {
            "HTTP": [
              "Succeeded"
            ]
          },
          "metadata": {
            "operationMetadataId": "4d2c396b-7cb9-421f-9260-56a36f6d382d"
          },
          "type": "Response",
          "kind": "PowerApp",
          "inputs": {
            "statusCode": 200,
            "body": {
              "image": "@{body('HTTP')}"
            },
            "schema": {
              "type": "object",
              "properties": {
                "image": {
                  "title": "image",
                  "x-ms-dynamically-added": true,
                  "type": "string"
                }
              }
            }
          }
        },
        "HTTP": {
          "runAfter": {
            "Compose_JSON": [
              "Succeeded"
            ]
          },
          "limit": {
            "timeout": "PT1M"
          },
          "metadata": {
            "operationMetadataId": "39d1607b-675f-4418-adcd-8eee3ca8e3a5"
          },
          "type": "Http",
          "inputs": {
            "method": "POST",
            "uri": "https://modelcitizendeveloper-mixtape-http-overlay.azurewebsites.net/api/http_qroverlay",
            "headers": {
              "x-functions-key": "LWKNZswcZX69EuFFfdRTdFMFAPmVD6JlqfNldGQTu-OtAzFu1bcTaA=="
            },
            "body": "@outputs('Compose_JSON')"
          }
        },
        "Compose_JSON": {
          "runAfter": {
            "Compose_light": [
              "Succeeded"
            ]
          },
          "metadata": {
            "operationMetadataId": "193fa4cb-a975-45d9-9123-b977c4e1d09e"
          },
          "type": "Compose",
          "inputs": "@json(\r\n    concat(\r\n        '{ \"file\":\"', \r\n        triggerBody()['text'],\r\n        '\", \"url\":\"',\r\n        triggerBody()['text_1'],\r\n        '\", \"dark\":\"',\r\n        outputs('Compose_dark'),\r\n        '\", \"light\":\"',\r\n        outputs('Compose_light'),\r\n        '\" }'\r\n    )\r\n)"
        },
        "Compose_dark": {
          "runAfter": {},
          "metadata": {
            "operationMetadataId": "289b03ca-378b-4218-a391-9d402d897bcb"
          },
          "type": "Compose",
          "inputs": "@\r\nif(\r\n    equals(\r\n        triggerBody()?['text_2'],\r\n        null\r\n    ), \r\n    'red',\r\n    triggerBody()?['text_2']\r\n)\r\n"
        },
        "Compose_light": {
          "runAfter": {
            "Compose_dark": [
              "Succeeded"
            ]
          },
          "metadata": {
            "operationMetadataId": "faf9b674-8fe4-4da7-adfb-38598a03999f"
          },
          "type": "Compose",
          "inputs": "@if(\r\n    equals(\r\n        triggerBody()?['text_3'],\r\n        null\r\n    ), \r\n    '#0dbecf',\r\n    triggerBody()?['text_3']\r\n)"
        }
      }
    },
    "templateName": ""
  },
  "schemaVersion": "1.0.0.0"
}