{
  "properties": {
    "connectionReferences": {},
    "definition": {
      "$schema": "https://schema.management.azure.com/providers/Microsoft.Logic/schemas/2016-06-01/workflowdefinition.json#",
      "contentVersion": "1.0.0.0",
      "parameters": {
        "$authentication": {
          "defaultValue": {},
          "type": "SecureObject"
        }
      },
      "triggers": {
        "manual": {
          "metadata": {
            "operationMetadataId": "621cd021-bd9e-4c3a-9f83-f81b35250c3f"
          },
          "type": "Request",
          "kind": "PowerAppV2",
          "inputs": {
            "schema": {
              "type": "object",
              "properties": {
                "text": {
                  "title": "text",
                  "type": "string",
                  "x-ms-dynamically-added": true,
                  "description": "Please enter your input",
                  "x-ms-content-hint": "TEXT"
                }
              },
              "required": [
                "text"
              ]
            }
          }
        }
      },
      "actions": {
        "Respond_to_a_Power_App_or_flow": {
          "runAfter": {
            "HTTP": [
              "Succeeded"
            ]
          },
          "metadata": {
            "operationMetadataId": "4d2c396b-7cb9-421f-9260-56a36f6d382d"
          },
          "type": "Response",
          "kind": "PowerApp",
          "inputs": {
            "statusCode": 200,
            "body": {
              "qr_code": "@{body('HTTP')}"
            },
            "schema": {
              "type": "object",
              "properties": {
                "qr_code": {
                  "title": "QR Code",
                  "x-ms-dynamically-added": true,
                  "type": "string"
                }
              }
            }
          }
        },
        "HTTP": {
          "runAfter": {
            "Compose_JSON": [
              "Succeeded"
            ]
          },
          "metadata": {
            "operationMetadataId": "39d1607b-675f-4418-adcd-8eee3ca8e3a5"
          },
          "type": "Http",
          "inputs": {
            "method": "POST",
            "uri": "https://modelcitizendeveloper-mixtape-http-overlay.azurewebsites.net/api/http_qrgenerate",
            "headers": {
              "x-functions-key": "WHb590sfuGwoZM_556CCf3mfqpjb4jCzHjt2-DR8HKoDAzFuAY1MxA=="
            },
            "body": "@outputs('Compose_JSON')"
          }
        },
        "Compose_JSON": {
          "runAfter": {},
          "metadata": {
            "operationMetadataId": "193fa4cb-a975-45d9-9123-b977c4e1d09e"
          },
          "type": "Compose",
          "inputs": "@json(\r\n\tconcat(\r\n\t\t'{ \"text\":\"', \r\n\t\ttriggerBody()['text'],\r\n\t\t'\" }'\r\n\t)\r\n)"
        }
      }
    },
    "templateName": null
  },
  "schemaVersion": "1.0.0.0"
}