{
  "properties": {
    "connectionReferences": {
      "shared_commondataserviceforapps_1": {
        "runtimeSource": "embedded",
        "connection": {
          "connectionReferenceLogicalName": "mcdev_sharedcommondataserviceforapps_fec55"
        },
        "api": {
          "name": "shared_commondataserviceforapps"
        }
      },
      "shared_commondataserviceforapps": {
        "runtimeSource": "embedded",
        "connection": {
          "connectionReferenceLogicalName": "mcdev_sharedcommondataserviceforapps_5793f"
        },
        "api": {
          "name": "shared_commondataserviceforapps"
        }
      }
    },
    "definition": {
      "$schema": "https://schema.management.azure.com/providers/Microsoft.Logic/schemas/2016-06-01/workflowdefinition.json#",
      "contentVersion": "1.0.0.0",
      "parameters": {
        "$authentication": {
          "defaultValue": {},
          "type": "SecureObject"
        },
        "$connections": {
          "defaultValue": {},
          "type": "Object"
        }
      },
      "triggers": {
        "When_a_row_is_added,_modified_or_deleted": {
          "metadata": {
            "operationMetadataId": "56b0bf89-b6a7-4996-8400-b32e2430f364"
          },
          "type": "OpenApiConnectionWebhook",
          "inputs": {
            "parameters": {
              "subscriptionRequest/message": 1,
              "subscriptionRequest/entityname": "new_invoice",
              "subscriptionRequest/scope": 4,
              "subscriptionRequest/filterexpression": "mcdev_ismztape eq false",
              "subscriptionRequest/name": "fa2b1aff-4012-ef11-9f89-6045bd07237d"
            },
            "host": {
              "apiId": "/providers/Microsoft.PowerApps/apis/shared_commondataserviceforapps",
              "operationId": "SubscribeWebhookTrigger",
              "connectionName": "shared_commondataserviceforapps_1"
            }
          }
        }
      },
      "actions": {
        "Delay_10_seconds_for_trip_stops_to_post": {
          "runAfter": {
            "Run_a_Child_Flow": [
              "Succeeded"
            ]
          },
          "metadata": {
            "operationMetadataId": "1171105f-60ac-42ec-90a7-40b411ed09f3"
          },
          "type": "Wait",
          "inputs": {
            "interval": {
              "count": 10,
              "unit": "Second"
            }
          }
        },
        "List_rows": {
          "runAfter": {
            "Delay_10_seconds_for_trip_stops_to_post": [
              "Succeeded"
            ]
          },
          "metadata": {
            "operationMetadataId": "0957f017-2b41-44f2-a706-626c52da1065"
          },
          "type": "OpenApiConnection",
          "inputs": {
            "parameters": {
              "entityName": "new_invoicelines",
              "$filter": "_new_invoice_value eq @{triggerOutputs()?['body/new_invoiceid']}"
            },
            "host": {
              "apiId": "/providers/Microsoft.PowerApps/apis/shared_commondataserviceforapps",
              "operationId": "ListRecords",
              "connectionName": "shared_commondataserviceforapps"
            }
          }
        },
        "Initialize_variable": {
          "runAfter": {
            "List_rows": [
              "Succeeded"
            ]
          },
          "metadata": {
            "operationMetadataId": "885b4479-0efa-48ad-b7b6-ea7a444c0053"
          },
          "type": "InitializeVariable",
          "inputs": {
            "variables": [
              {
                "name": "quantity_requested",
                "type": "integer",
                "value": 0
              }
            ]
          }
        },
        "Initialize_variable_2": {
          "runAfter": {
            "Initialize_variable": [
              "Succeeded"
            ]
          },
          "metadata": {
            "operationMetadataId": "f40d8e58-ea6a-47f0-b341-8388578a028b"
          },
          "type": "InitializeVariable",
          "inputs": {
            "variables": [
              {
                "name": "orderfilled_factor",
                "type": "float",
                "value": 1
              }
            ]
          }
        },
        "Apply_to_each": {
          "foreach": "@outputs('List_rows')?['body/value']",
          "actions": {
            "Get_a_row_by_ID": {
              "metadata": {
                "operationMetadataId": "f91bb831-199b-4a37-86d0-687e34df08a5"
              },
              "type": "OpenApiConnection",
              "inputs": {
                "parameters": {
                  "entityName": "new_skus",
                  "recordId": "@items('Apply_to_each')?['_new_sku_value']"
                },
                "host": {
                  "apiId": "/providers/Microsoft.PowerApps/apis/shared_commondataserviceforapps",
                  "operationId": "GetItem",
                  "connectionName": "shared_commondataserviceforapps"
                }
              }
            },
            "Compose": {
              "runAfter": {
                "Get_a_row_by_ID": [
                  "Succeeded"
                ]
              },
              "metadata": {
                "operationMetadataId": "27d92932-58e2-424b-ae51-e871df628b26"
              },
              "type": "Compose",
              "inputs": "@outputs('Get_a_row_by_ID')?['body/new_quantityinstock']"
            },
            "Set_variable": {
              "runAfter": {
                "Compose": [
                  "Succeeded"
                ]
              },
              "metadata": {
                "operationMetadataId": "0489a767-cc3e-48ca-a22a-c76e0a0d7a08"
              },
              "type": "SetVariable",
              "inputs": {
                "name": "quantity_requested",
                "value": "@items('Apply_to_each')?['new_quantity']"
              }
            },
            "Set_variable_2": {
              "runAfter": {
                "Set_variable": [
                  "Succeeded"
                ]
              },
              "metadata": {
                "operationMetadataId": "0d241a96-fd0d-4ae7-8ac9-30201b99d16e"
              },
              "type": "SetVariable",
              "inputs": {
                "name": "orderfilled_factor",
                "value": "@div(float(outputs('Compose')), float(variables('quantity_requested')))"
              }
            },
            "Condition": {
              "actions": {
                "Update_a_row": {
                  "metadata": {
                    "operationMetadataId": "04781a16-22f6-4078-9714-88ffa6ea13c4"
                  },
                  "type": "OpenApiConnection",
                  "inputs": {
                    "parameters": {
                      "entityName": "new_skus",
                      "recordId": "@outputs('Get_a_row_by_ID')?['body/new_skuid']",
                      "item/new_cogafs": "@sub(outputs('Get_a_row_by_ID')?['body/new_cogafs'],items('Apply_to_each')?['new_cogs'])",
                      "item/new_cogs": "@add(coalesce(body('Get_a_row_by_ID')?['new_cogs'],0), items('Apply_to_each')?['new_cogs'])",
                      "item/new_quantityinstock": "@sub(outputs('Get_a_row_by_ID')?['body/new_quantityinstock'],variables('quantity_requested'))"
                    },
                    "host": {
                      "apiId": "/providers/Microsoft.PowerApps/apis/shared_commondataserviceforapps",
                      "operationId": "UpdateRecord",
                      "connectionName": "shared_commondataserviceforapps"
                    }
                  }
                }
              },
              "runAfter": {
                "Set_variable_2": [
                  "Succeeded"
                ]
              },
              "else": {
                "actions": {
                  "Update_invoice_line_with_available_stock": {
                    "metadata": {
                      "operationMetadataId": "37cd6e87-37a1-40cd-be61-06f2fe9aa13e"
                    },
                    "type": "OpenApiConnection",
                    "inputs": {
                      "parameters": {
                        "entityName": "new_invoicelines",
                        "recordId": "@items('Apply_to_each')?['new_invoicelineid']",
                        "item/new_cogs": "@mul(variables('orderfilled_factor'),items('Apply_to_each')?['new_cogs'])",
                        "item/new_quantity": "@outputs('Get_a_row_by_ID')?['body/new_quantityinstock']"
                      },
                      "host": {
                        "apiId": "/providers/Microsoft.PowerApps/apis/shared_commondataserviceforapps",
                        "operationId": "UpdateRecord",
                        "connectionName": "shared_commondataserviceforapps"
                      }
                    }
                  },
                  "Compose_COGS": {
                    "runAfter": {
                      "Update_invoice_line_with_available_stock": [
                        "Succeeded"
                      ]
                    },
                    "metadata": {
                      "operationMetadataId": "bf5313b6-3647-49dc-8eab-9ee36e614652"
                    },
                    "type": "Compose",
                    "inputs": "@add(coalesce(body('Get_a_row_by_ID')?['new_cogs'],0), body('Update_invoice_line_with_available_stock')?['new_cogs'])"
                  },
                  "Update_SKU_to_decrease_stock_to_0": {
                    "runAfter": {
                      "Compose_COGS": [
                        "Succeeded"
                      ]
                    },
                    "metadata": {
                      "operationMetadataId": "0c975a63-ed9e-4fed-838e-3e42589b70bd"
                    },
                    "type": "OpenApiConnection",
                    "inputs": {
                      "parameters": {
                        "entityName": "new_skus",
                        "recordId": "@outputs('Get_a_row_by_ID')?['body/new_skuid']",
                        "item/new_cogafs": "@0",
                        "item/new_cogs": "@outputs('Compose_COGS')",
                        "item/new_quantityinstock": "@0"
                      },
                      "host": {
                        "apiId": "/providers/Microsoft.PowerApps/apis/shared_commondataserviceforapps",
                        "operationId": "UpdateRecord",
                        "connectionName": "shared_commondataserviceforapps"
                      }
                    }
                  },
                  "Get_product_row_by_ID": {
                    "runAfter": {
                      "Update_SKU_to_decrease_stock_to_0": [
                        "Succeeded"
                      ]
                    },
                    "metadata": {
                      "operationMetadataId": "983caa60-c466-4480-a172-3c58d0211ab3"
                    },
                    "type": "OpenApiConnection",
                    "inputs": {
                      "parameters": {
                        "entityName": "new_products",
                        "recordId": "@outputs('Get_a_row_by_ID')?['body/_new_product_value']"
                      },
                      "host": {
                        "apiId": "/providers/Microsoft.PowerApps/apis/shared_commondataserviceforapps",
                        "operationId": "GetItem",
                        "connectionName": "shared_commondataserviceforapps"
                      }
                    }
                  },
                  "Get_the_color_by_ID": {
                    "runAfter": {
                      "Get_product_row_by_ID": [
                        "Succeeded"
                      ]
                    },
                    "metadata": {
                      "operationMetadataId": "57a2b077-202f-4444-a10a-3d30ca288f8d"
                    },
                    "type": "OpenApiConnection",
                    "inputs": {
                      "parameters": {
                        "entityName": "new_colors",
                        "recordId": "@body('Get_a_row_by_ID')?['_new_color_value']"
                      },
                      "host": {
                        "apiId": "/providers/Microsoft.PowerApps/apis/shared_commondataserviceforapps",
                        "operationId": "GetItem",
                        "connectionName": "shared_commondataserviceforapps"
                      }
                    }
                  }
                }
              },
              "expression": {
                "lessOrEquals": [
                  "@variables('quantity_requested')",
                  "@outputs('Get_a_row_by_ID')?['body/new_quantityinstock']"
                ]
              },
              "metadata": {
                "operationMetadataId": "394a28ac-6a39-4236-bd23-3629d1fc13d2"
              },
              "type": "If"
            }
          },
          "runAfter": {
            "Initialize_variable_2": [
              "Succeeded"
            ]
          },
          "metadata": {
            "operationMetadataId": "f6563725-5e2a-4c1c-a0d5-d71cb375c6cb"
          },
          "type": "Foreach",
          "runtimeConfiguration": {
            "concurrency": {
              "repetitions": 1
            }
          }
        },
        "Run_a_Child_Flow": {
          "runAfter": {},
          "metadata": {
            "operationMetadataId": "7c61c7a5-ed3f-4a00-9ba5-60d4259ca950"
          },
          "type": "Workflow",
          "inputs": {
            "host": {
              "workflowReferenceName": "e7e74d90-ea12-ef11-9f89-000d3a5ce87e"
            },
            "body": {
              "text": "@triggerBody()?['new_invoiceid']"
            }
          }
        }
      }
    },
    "templateName": null
  },
  "schemaVersion": "1.0.0.0"
}