{
  "properties": {
    "connectionReferences": {
      "shared_commondataserviceforapps": {
        "runtimeSource": "embedded",
        "connection": {
          "connectionReferenceLogicalName": "mcdev_sharedcommondataserviceforapps_e4e75"
        },
        "api": {
          "name": "shared_commondataserviceforapps"
        }
      }
    },
    "definition": {
      "$schema": "https://schema.management.azure.com/providers/Microsoft.Logic/schemas/2016-06-01/workflowdefinition.json#",
      "contentVersion": "1.0.0.0",
      "parameters": {
        "$connections": {
          "defaultValue": {},
          "type": "Object"
        },
        "$authentication": {
          "defaultValue": {},
          "type": "SecureObject"
        },
        "Trip Stop Card Template (mcdev_trip_stop_card_template)": {
          "defaultValue": "1c3ffcbf-8674-ef11-a670-000d3a5ca663",
          "type": "String",
          "metadata": {
            "schemaName": "mcdev_trip_stop_card_template",
            "description": "Template for auto-generated Trip Stops"
          }
        }
      },
      "triggers": {
        "manual": {
          "metadata": {
            "operationMetadataId": "c5872c40-3d02-4d10-bcdf-30991b88a51c"
          },
          "type": "Request",
          "kind": "PowerPages",
          "inputs": {
            "schema": {
              "type": "object",
              "properties": {
                "text": {
                  "title": "URL",
                  "type": "string",
                  "x-ms-dynamically-added": true,
                  "description": "Provide a valid URL",
                  "x-ms-content-hint": "TEXT"
                },
                "text_1": {
                  "title": "TripStopGUID",
                  "type": "string",
                  "x-ms-dynamically-added": true,
                  "description": "Please enter your input",
                  "x-ms-content-hint": "TEXT"
                }
              },
              "required": [
                "text",
                "text_1"
              ]
            }
          }
        }
      },
      "actions": {
        "Compose_GUID_for_frog_card": {
          "runAfter": {},
          "metadata": {
            "operationMetadataId": "60ff2608-3192-4fe7-b784-72ebfabd4c41"
          },
          "type": "Compose",
          "inputs": "@parameters('Trip Stop Card Template (mcdev_trip_stop_card_template)')"
        },
        "Run_a_Child_Flow": {
          "runAfter": {
            "Get_a_row_by_ID": [
              "Succeeded"
            ]
          },
          "metadata": {
            "operationMetadataId": "5dd3d3db-9577-4f5b-b0c7-eff890a2881d"
          },
          "type": "Workflow",
          "inputs": {
            "host": {
              "workflowReferenceName": "5ce15dbe-546d-ef11-a670-000d3a5ca663"
            },
            "body": {
              "text": "@outputs('Compose_GUID_for_frog_card')",
              "text_1": "@triggerBody()['text']"
            }
          }
        },
        "Get_a_row_by_ID": {
          "runAfter": {
            "Compose_GUID_for_frog_card": [
              "Succeeded"
            ]
          },
          "metadata": {
            "operationMetadataId": "16f6f125-6bb2-42b7-98aa-2137f265b300"
          },
          "type": "OpenApiConnection",
          "inputs": {
            "host": {
              "connectionName": "shared_commondataserviceforapps",
              "operationId": "GetItem",
              "apiId": "/providers/Microsoft.PowerApps/apis/shared_commondataserviceforapps"
            },
            "parameters": {
              "entityName": "mcdev_cards",
              "recordId": "@outputs('Compose_GUID_for_frog_card')"
            },
            "authentication": "@parameters('$authentication')"
          }
        },
        "Return_value(s)_to_Power_Pages": {
          "runAfter": {
            "Update_a_row": [
              "Succeeded"
            ]
          },
          "metadata": {
            "operationMetadataId": "166b3775-b817-474f-9bbf-2601e6f0bcae"
          },
          "type": "Response",
          "kind": "PowerPages",
          "inputs": {
            "statusCode": 200,
            "body": {
              "status": "201",
              "message": "Image created",
              "image": "@body('Run_a_Child_Flow')?['image']"
            },
            "schema": {
              "type": "object",
              "properties": {
                "status": {
                  "title": "status",
                  "x-ms-dynamically-added": true,
                  "type": "string"
                },
                "message": {
                  "title": "message",
                  "x-ms-dynamically-added": true,
                  "type": "string"
                },
                "image": {
                  "title": "image",
                  "x-ms-dynamically-added": true,
                  "type": "string"
                }
              }
            }
          }
        },
        "Update_a_row": {
          "runAfter": {
            "Run_a_Child_Flow": [
              "Succeeded"
            ]
          },
          "metadata": {
            "operationMetadataId": "d7cb596f-d754-46cb-8742-9b2e07d745dc"
          },
          "type": "OpenApiConnection",
          "inputs": {
            "host": {
              "connectionName": "shared_commondataserviceforapps",
              "operationId": "UpdateRecord",
              "apiId": "/providers/Microsoft.PowerApps/apis/shared_commondataserviceforapps"
            },
            "parameters": {
              "entityName": "new_invoicelines",
              "recordId": "@triggerBody()['text_1']",
              "item/mcdev_qrcode": "@body('Run_a_Child_Flow')?['image']",
              "item/mcdev_qrlink": "@triggerBody()['text']",
              "item/mcdev_usereditable": false
            },
            "authentication": "@parameters('$authentication')"
          }
        }
      }
    },
    "templateName": ""
  },
  "schemaVersion": "1.0.0.0"
}