{
  "properties": {
    "connectionReferences": {
      "shared_azureblob": {
        "runtimeSource": "embedded",
        "connection": {
          "connectionReferenceLogicalName": "new_sharedazureblob_aa2b0"
        },
        "api": {
          "name": "shared_azureblob"
        }
      },
      "shared_onedriveforbusiness": {
        "runtimeSource": "embedded",
        "connection": {
          "connectionReferenceLogicalName": "mcdev_sharedonedriveforbusiness_ef401"
        },
        "api": {
          "name": "shared_onedriveforbusiness"
        }
      }
    },
    "definition": {
      "$schema": "https://schema.management.azure.com/providers/Microsoft.Logic/schemas/2016-06-01/workflowdefinition.json#",
      "contentVersion": "1.0.0.0",
      "parameters": {
        "$connections": {
          "defaultValue": {},
          "type": "Object"
        },
        "$authentication": {
          "defaultValue": {},
          "type": "SecureObject"
        },
        "Storage Account Name (mcdev_StorageAccountName)": {
          "defaultValue": "stgmcdmxtapedev",
          "type": "String",
          "metadata": {
            "schemaName": "mcdev_StorageAccountName"
          }
        }
      },
      "triggers": {
        "manual": {
          "metadata": {
            "operationMetadataId": "0a38615a-ab21-4fe2-8f3f-59dd60618b25"
          },
          "type": "Request",
          "kind": "PowerAppV2",
          "inputs": {
            "schema": {
              "type": "object",
              "properties": {
                "text": {
                  "title": "blobPath",
                  "type": "string",
                  "x-ms-dynamically-added": true,
                  "description": "Please enter your input",
                  "x-ms-content-hint": "TEXT"
                }
              },
              "required": [
                "text"
              ]
            }
          }
        }
      },
      "actions": {
        "Get_blob_content_using_path_(V2)": {
          "runAfter": {},
          "metadata": {
            "operationMetadataId": "b280af27-5505-4ace-872c-15b121ff5f9c"
          },
          "type": "OpenApiConnection",
          "inputs": {
            "host": {
              "connectionName": "shared_azureblob",
              "operationId": "GetFileContentByPath_V2",
              "apiId": "/providers/Microsoft.PowerApps/apis/shared_azureblob"
            },
            "parameters": {
              "dataset": "@parameters('Storage Account Name (mcdev_StorageAccountName)')",
              "path": "@triggerBody()['text']",
              "inferContentType": true
            },
            "authentication": "@parameters('$authentication')"
          }
        },
        "Create_file": {
          "runAfter": {
            "Get_blob_content_using_path_(V2)": [
              "Succeeded"
            ]
          },
          "metadata": {
            "operationMetadataId": "89675aaa-fa9e-4b66-a72d-d413c7144372"
          },
          "type": "OpenApiConnection",
          "inputs": {
            "host": {
              "connectionName": "shared_onedriveforbusiness",
              "operationId": "CreateFile",
              "apiId": "/providers/Microsoft.PowerApps/apis/shared_onedriveforbusiness"
            },
            "parameters": {
              "folderPath": "/04 Convention City Seattle/05 business card PDFs",
              "name": "@{utcNow()}.html",
              "body": "@body('Get_blob_content_using_path_(V2)')"
            },
            "authentication": "@parameters('$authentication')"
          },
          "runtimeConfiguration": {
            "contentTransfer": {
              "transferMode": "Chunked"
            }
          }
        },
        "Respond_to_a_Power_App_or_flow": {
          "runAfter": {
            "Create_file": [
              "Succeeded"
            ]
          },
          "metadata": {
            "operationMetadataId": "4b4ac4ed-89dd-44b6-bddc-cc653d71c0f5"
          },
          "type": "Response",
          "kind": "PowerApp",
          "inputs": {
            "statusCode": 200,
            "body": {},
            "schema": {
              "type": "object",
              "properties": {}
            }
          }
        }
      }
    },
    "templateName": ""
  },
  "schemaVersion": "1.0.0.0"
}