{
  "properties": {
    "connectionReferences": {
      "shared_commondataserviceforapps-1": {
        "runtimeSource": "embedded",
        "connection": {
          "connectionReferenceLogicalName": "mcdev_sharedcommondataserviceforapps_e4e75"
        },
        "api": {
          "name": "shared_commondataserviceforapps"
        }
      }
    },
    "definition": {
      "$schema": "https://schema.management.azure.com/providers/Microsoft.Logic/schemas/2016-06-01/workflowdefinition.json#",
      "contentVersion": "1.0.0.0",
      "parameters": {
        "$authentication": {
          "defaultValue": {},
          "type": "SecureObject"
        },
        "$connections": {
          "defaultValue": {},
          "type": "Object"
        }
      },
      "triggers": {
        "manual": {
          "metadata": {
            "operationMetadataId": "e9e9906b-68c7-4055-9dd1-2e9ebe9a5f16"
          },
          "type": "Request",
          "kind": "PowerAppV2",
          "inputs": {
            "schema": {
              "type": "object",
              "properties": {
                "text": {
                  "title": "MztapeCardGUID",
                  "type": "string",
                  "x-ms-dynamically-added": true,
                  "description": "Please enter your input",
                  "x-ms-content-hint": "TEXT"
                },
                "text_1": {
                  "description": "Please enter your input",
                  "title": "TripURLs",
                  "type": "string",
                  "x-ms-content-hint": "TEXT",
                  "x-ms-dynamically-added": true
                }
              },
              "required": [
                "text",
                "text_1"
              ]
            }
          }
        }
      },
      "actions": {
        "Respond_to_a_Power_App_or_flow": {
          "runAfter": {
            "HTTP": [
              "Succeeded"
            ]
          },
          "metadata": {
            "operationMetadataId": "c958d62b-4763-4f85-8fe2-486d8b2821f5"
          },
          "type": "Response",
          "kind": "PowerApp",
          "inputs": {
            "schema": {
              "type": "object",
              "properties": {
                "status": {
                  "title": "Status",
                  "x-ms-dynamically-added": true,
                  "type": "string"
                },
                "message": {
                  "title": "Message",
                  "x-ms-dynamically-added": true,
                  "type": "string"
                }
              },
              "additionalProperties": {}
            },
            "statusCode": 200,
            "body": {
              "status": "200",
              "message": "Cards created"
            }
          }
        },
        "HTTP": {
          "runAfter": {
            "Compose_HTTP_body": [
              "Succeeded"
            ]
          },
          "metadata": {
            "operationMetadataId": "22e6803d-cdc6-4cd4-9baa-cb4c50a20cbd"
          },
          "type": "Http",
          "inputs": {
            "uri": "https://modelcitizendeveloper-mixtape-http-overlay.azurewebsites.net/api/http_dynamicQR2",
            "method": "POST",
            "headers": {
              "Content-Type": "application/json",
              "x-functions-key": "qXsIzeRmymwx-EzC3fSRIh4UJcOue30iZCEJFz7vae_WAzFu5KKEOA=="
            },
            "body": "@outputs('Compose_HTTP_body')"
          },
          "runtimeConfiguration": {
            "contentTransfer": {
              "transferMode": "Chunked"
            }
          }
        },
        "Compose_HTTP_body": {
          "runAfter": {
            "Compose_filename": [
              "Succeeded"
            ]
          },
          "metadata": {
            "operationMetadataId": "7f045613-b537-4db5-88cc-b7dd086307a7"
          },
          "type": "Compose",
          "inputs": "@\r\njson(\r\n\tconcat(\r\n\t\t'{ \"card\": \"',\r\n\t\t outputs('Compose_filename'),\r\n\t\t'\", \"urls\": ',\r\n\t\ttriggerBody()?['text_1'],'}'\r\n\t)\r\n)"
        },
        "Get_a_row_by_ID_for_Mztape_Card": {
          "runAfter": {},
          "metadata": {
            "operationMetadataId": "98c76cd6-0366-4c60-abb1-61d697efca96"
          },
          "type": "OpenApiConnection",
          "inputs": {
            "parameters": {
              "entityName": "mcdev_cards",
              "recordId": "@triggerBody()?['text']"
            },
            "host": {
              "apiId": "/providers/Microsoft.PowerApps/apis/shared_commondataserviceforapps",
              "operationId": "GetItem",
              "connectionName": "shared_commondataserviceforapps-1"
            }
          }
        },
        "Compose_filename": {
          "runAfter": {
            "Get_a_row_by_ID_for_Mztape_Card": [
              "Succeeded"
            ]
          },
          "metadata": {
            "operationMetadataId": "b7b71e55-f66b-476b-b635-9e2d0598729c"
          },
          "type": "Compose",
          "inputs": "@body('Get_a_row_by_ID_for_Mztape_Card')?['mcdev_filename']"
        }
      }
    },
    "templateName": null
  },
  "schemaVersion": "1.0.0.0"
}