{
  "properties": {
    "connectionReferences": {
      "shared_commondataserviceforapps-1": {
        "runtimeSource": "embedded",
        "connection": {
          "connectionReferenceLogicalName": "mcdev_sharedcommondataserviceforapps_e4e75"
        },
        "api": {
          "name": "shared_commondataserviceforapps"
        }
      }
    },
    "definition": {
      "$schema": "https://schema.management.azure.com/providers/Microsoft.Logic/schemas/2016-06-01/workflowdefinition.json#",
      "contentVersion": "1.0.0.0",
      "parameters": {
        "$authentication": {
          "defaultValue": {},
          "type": "SecureObject"
        },
        "$connections": {
          "defaultValue": {},
          "type": "Object"
        },
        "OverlayFunctionURI (mcdev_OverlayFunctionURI)": {
          "defaultValue": "https://fa-mcd-mxtape-dev.azurewebsites.net/api/http_qrOverlay",
          "type": "String",
          "metadata": {
            "schemaName": "mcdev_OverlayFunctionURI"
          }
        }
      },
      "triggers": {
        "manual": {
          "metadata": {
            "operationMetadataId": "e9e9906b-68c7-4055-9dd1-2e9ebe9a5f16"
          },
          "type": "Request",
          "kind": "PowerAppV2",
          "inputs": {
            "schema": {
              "type": "object",
              "properties": {
                "text": {
                  "title": "MztapeCardGUID",
                  "type": "string",
                  "x-ms-dynamically-added": true,
                  "description": "Please enter your input",
                  "x-ms-content-hint": "TEXT"
                },
                "text_1": {
                  "description": "Please enter your input",
                  "title": "URL",
                  "type": "string",
                  "x-ms-content-hint": "TEXT",
                  "x-ms-dynamically-added": true
                }
              },
              "required": [
                "text",
                "text_1"
              ]
            }
          }
        }
      },
      "actions": {
        "Respond_to_a_Power_App_or_flow": {
          "runAfter": {
            "Condition_2": [
              "Succeeded"
            ]
          },
          "metadata": {
            "operationMetadataId": "c958d62b-4763-4f85-8fe2-486d8b2821f5"
          },
          "type": "Response",
          "kind": "PowerApp",
          "inputs": {
            "schema": {
              "type": "object",
              "properties": {
                "status": {
                  "title": "Status",
                  "x-ms-dynamically-added": true,
                  "type": "string"
                },
                "message": {
                  "title": "Message",
                  "x-ms-dynamically-added": true,
                  "type": "string"
                },
                "image": {
                  "title": "Image",
                  "x-ms-dynamically-added": true,
                  "type": "string"
                }
              },
              "additionalProperties": {}
            },
            "statusCode": 200,
            "body": {
              "status": "200",
              "message": "Cards created",
              "image": "@{outputs('Compose_image_2')}"
            }
          }
        },
        "Get_a_row_by_ID_for_Mztape_Card": {
          "runAfter": {
            "Condition_test_if_TripGUIDs_is_NONE": [
              "Succeeded"
            ]
          },
          "metadata": {
            "operationMetadataId": "98c76cd6-0366-4c60-abb1-61d697efca96"
          },
          "type": "OpenApiConnection",
          "inputs": {
            "parameters": {
              "entityName": "mcdev_cards",
              "recordId": "@triggerBody()?['text']"
            },
            "host": {
              "apiId": "/providers/Microsoft.PowerApps/apis/shared_commondataserviceforapps",
              "operationId": "GetItem",
              "connectionName": "shared_commondataserviceforapps-1"
            }
          }
        },
        "Compose_filename": {
          "runAfter": {
            "Get_a_row_by_ID_for_Mztape_Card": [
              "Succeeded"
            ]
          },
          "metadata": {
            "operationMetadataId": "b7b71e55-f66b-476b-b635-9e2d0598729c"
          },
          "type": "Compose",
          "inputs": "@body('Get_a_row_by_ID_for_Mztape_Card')?['mcdev_filename']"
        },
        "Initialize_variable_dark": {
          "runAfter": {
            "Perform_an_unbound_action": [
              "Succeeded"
            ]
          },
          "metadata": {
            "operationMetadataId": "efea553b-a605-47d9-aacb-9cb36e50d890"
          },
          "type": "InitializeVariable",
          "inputs": {
            "variables": [
              {
                "name": "dark_color",
                "type": "string",
                "value": "#000000"
              }
            ]
          }
        },
        "Initialize_variable_light": {
          "runAfter": {
            "Initialize_variable_dark": [
              "Succeeded"
            ]
          },
          "metadata": {
            "operationMetadataId": "bf8d3141-424a-4ef0-9090-c5eac6ef84e9"
          },
          "type": "InitializeVariable",
          "inputs": {
            "variables": [
              {
                "name": "light_color",
                "type": "string",
                "value": "#FFFFFF"
              }
            ]
          }
        },
        "Condition_test_if_TripGUIDs_is_NONE": {
          "actions": {},
          "runAfter": {
            "Initialize_variable_light": [
              "Succeeded"
            ]
          },
          "else": {
            "actions": {
              "Compose_array_of_GUIDs": {
                "metadata": {
                  "operationMetadataId": "b85cf495-1014-4c78-a6ab-840022d9876c"
                },
                "type": "Compose",
                "inputs": "@split(replace(replace(triggerBody()['text_1'], '[', ''), ']', ''), ',')\r\n"
              }
            }
          },
          "expression": {
            "equals": [
              "@triggerBody()['text_1']",
              "NONE"
            ]
          },
          "metadata": {
            "operationMetadataId": "95d5035e-036a-43d0-b757-671b88da5a21"
          },
          "type": "If"
        },
        "Compose_JSON_for_qrOverlay_2": {
          "runAfter": {
            "Compose_filename": [
              "Succeeded"
            ]
          },
          "metadata": {
            "operationMetadataId": "57c92585-a8e1-4e6a-bff4-b79ae8a77075"
          },
          "type": "Compose",
          "inputs": "@json(concat('{ \"file\": \"', outputs('Compose_filename'), '\", \"url\": \"',  triggerBody()['text_1']  , '\", \"dark\": \"', variables('dark_color'), '\", \"light\": \"', variables('light_color'), '\" }'))"
        },
        "HTTP_2": {
          "runAfter": {
            "Compose_JSON_for_qrOverlay_2": [
              "Succeeded"
            ]
          },
          "limit": {
            "timeout": "PT1M"
          },
          "metadata": {
            "operationMetadataId": "22e6803d-cdc6-4cd4-9baa-cb4c50a20cbd"
          },
          "type": "Http",
          "inputs": {
            "uri": "@parameters('OverlayFunctionURI (mcdev_OverlayFunctionURI)')",
            "method": "POST",
            "headers": {
              "Content-Type": "application/json",
              "x-functions-key": "@{body('Perform_an_unbound_action')?['EnvironmentVariableSecretValue']}"
            },
            "body": "@outputs('Compose_JSON_for_qrOverlay_2')"
          },
          "runtimeConfiguration": {
            "contentTransfer": {
              "transferMode": "Chunked"
            }
          }
        },
        "Condition_2": {
          "actions": {
            "Parse_JSON_2": {
              "metadata": {
                "operationMetadataId": "e899d1e1-f57a-4f6b-b086-78ad3a7f7eb7"
              },
              "type": "ParseJson",
              "inputs": {
                "content": "@body('HTTP_2')",
                "schema": {
                  "type": "object",
                  "properties": {
                    "image": {
                      "type": "string"
                    }
                  }
                }
              }
            },
            "Compose_image_2": {
              "runAfter": {
                "Parse_JSON_2": [
                  "Succeeded"
                ]
              },
              "metadata": {
                "operationMetadataId": "e861739d-9cb1-4697-bbbe-e2d053455e2e"
              },
              "type": "Compose",
              "inputs": "@body('Parse_JSON_2')?['image']"
            }
          },
          "runAfter": {
            "HTTP_2": [
              "Succeeded"
            ]
          },
          "else": {
            "actions": {}
          },
          "expression": {
            "equals": [
              "@outputs('HTTP_2')['statusCode']",
              200
            ]
          },
          "metadata": {
            "operationMetadataId": "63af242a-a379-4f3e-9edf-c2d4403c999e"
          },
          "type": "If"
        },
        "Perform_an_unbound_action": {
          "runAfter": {},
          "type": "OpenApiConnection",
          "inputs": {
            "parameters": {
              "actionName": "RetrieveEnvironmentVariableSecretValue",
              "item/EnvironmentVariableName": "mcdev_OverlayFunctionKey"
            },
            "host": {
              "apiId": "/providers/Microsoft.PowerApps/apis/shared_commondataserviceforapps",
              "operationId": "PerformUnboundAction",
              "connectionName": "shared_commondataserviceforapps-1"
            }
          },
          "runtimeConfiguration": {
            "secureData": {
              "properties": [
                "outputs"
              ]
            }
          }
        }
      }
    },
    "templateName": null
  },
  "schemaVersion": "1.0.0.0"
}