{
  "properties": {
    "connectionReferences": {
      "shared_commondataserviceforapps_1": {
        "runtimeSource": "embedded",
        "connection": {
          "connectionReferenceLogicalName": "mcdev_sharedcommondataserviceforapps_91521"
        },
        "api": {
          "name": "shared_commondataserviceforapps"
        }
      },
      "shared_commondataserviceforapps": {
        "runtimeSource": "embedded",
        "connection": {
          "connectionReferenceLogicalName": "mcdev_sharedcommondataserviceforapps_5793f"
        },
        "api": {
          "name": "shared_commondataserviceforapps"
        }
      }
    },
    "definition": {
      "$schema": "https://schema.management.azure.com/providers/Microsoft.Logic/schemas/2016-06-01/workflowdefinition.json#",
      "contentVersion": "1.0.0.0",
      "parameters": {
        "$connections": {
          "defaultValue": {},
          "type": "Object"
        },
        "$authentication": {
          "defaultValue": {},
          "type": "SecureObject"
        }
      },
      "triggers": {
        "When_a_row_is_added,_modified_or_deleted": {
          "metadata": {
            "operationMetadataId": "c0e839aa-7cfa-4125-8e8e-32b7b7600526"
          },
          "type": "OpenApiConnectionWebhook",
          "inputs": {
            "host": {
              "connectionName": "shared_commondataserviceforapps",
              "operationId": "SubscribeWebhookTrigger",
              "apiId": "/providers/Microsoft.PowerApps/apis/shared_commondataserviceforapps"
            },
            "parameters": {
              "subscriptionRequest/message": 1,
              "subscriptionRequest/entityname": "new_restock",
              "subscriptionRequest/scope": 4
            },
            "authentication": "@parameters('$authentication')"
          }
        }
      },
      "actions": {
        "Get_a_row_by_ID": {
          "runAfter": {},
          "metadata": {
            "operationMetadataId": "70045594-802a-43b5-a772-0db456b22cab"
          },
          "type": "OpenApiConnection",
          "inputs": {
            "host": {
              "connectionName": "shared_commondataserviceforapps_1",
              "operationId": "GetItem",
              "apiId": "/providers/Microsoft.PowerApps/apis/shared_commondataserviceforapps"
            },
            "parameters": {
              "entityName": "new_skus",
              "recordId": "@triggerOutputs()?['body/_new_sku_value']"
            },
            "authentication": "@parameters('$authentication')"
          }
        },
        "Update_a_row": {
          "runAfter": {
            "Get_a_row_by_ID": [
              "Succeeded"
            ]
          },
          "metadata": {
            "operationMetadataId": "081a9d0b-9076-4ab0-9eaa-249c26b05563"
          },
          "type": "OpenApiConnection",
          "inputs": {
            "host": {
              "connectionName": "shared_commondataserviceforapps",
              "operationId": "UpdateRecord",
              "apiId": "/providers/Microsoft.PowerApps/apis/shared_commondataserviceforapps"
            },
            "parameters": {
              "entityName": "new_skus",
              "recordId": "@outputs('Get_a_row_by_ID')?['body/new_skuid']",
              "item/new_cogafs": "@add(coalesce(body('Get_a_row_by_ID')?['new_cogafs'],0),triggerBody()?['new_extendedcost'])",
              "item/new_previousquantityinstock": "@outputs('Get_a_row_by_ID')?['body/new_quantityinstock']",
              "item/new_quantityinstock": "@add(coalesce(outputs('Get_a_row_by_ID')?['body/new_quantityinstock'],0),triggerOutputs()?['body/new_quantity'])",
              "item/new_wauc": "@div(add(coalesce(body('Get_a_row_by_ID')?['new_cogafs'],0),triggerBody()?['new_extendedcost']),\r\nadd(coalesce(outputs('Get_a_row_by_ID')?['body/new_quantityinstock'],0),triggerOutputs()?['body/new_quantity']))"
            },
            "authentication": "@parameters('$authentication')"
          }
        },
        "Update_a_row_2": {
          "runAfter": {
            "Update_a_row": [
              "Succeeded"
            ]
          },
          "metadata": {
            "operationMetadataId": "2647762c-1256-45d5-91b2-786db6c26567"
          },
          "type": "OpenApiConnection",
          "inputs": {
            "host": {
              "connectionName": "shared_commondataserviceforapps",
              "operationId": "UpdateRecord",
              "apiId": "/providers/Microsoft.PowerApps/apis/shared_commondataserviceforapps"
            },
            "parameters": {
              "entityName": "new_restocks",
              "recordId": "@triggerOutputs()?['body/new_restockid']",
              "item/new_lastcost": "@triggerOutputs()?['body/new_cost']",
              "item/new_lastquantity": "@triggerOutputs()?['body/new_quantity']"
            },
            "authentication": "@parameters('$authentication')"
          }
        }
      }
    },
    "templateName": ""
  },
  "schemaVersion": "1.0.0.0"
}