{
  "properties": {
    "connectionReferences": {
      "shared_azureblob": {
        "runtimeSource": "invoker",
        "connection": {
          "connectionReferenceLogicalName": "new_sharedazureblob_aa2b0"
        },
        "api": {
          "name": "shared_azureblob"
        }
      },
      "shared_commondataserviceforapps": {
        "runtimeSource": "embedded",
        "connection": {
          "connectionReferenceLogicalName": "mcdev_sharedcommondataserviceforapps_91521"
        },
        "api": {
          "name": "shared_commondataserviceforapps"
        }
      },
      "shared_commondataserviceforapps_1": {
        "runtimeSource": "embedded",
        "connection": {
          "connectionReferenceLogicalName": "mcdev_sharedcommondataserviceforapps_e4e75"
        },
        "api": {
          "name": "shared_commondataserviceforapps"
        }
      }
    },
    "definition": {
      "$schema": "https://schema.management.azure.com/providers/Microsoft.Logic/schemas/2016-06-01/workflowdefinition.json#",
      "contentVersion": "1.0.0.0",
      "parameters": {
        "$connections": {
          "defaultValue": {},
          "type": "Object"
        },
        "$authentication": {
          "defaultValue": {},
          "type": "SecureObject"
        },
        "Container Names (mcdev_ContainerNames)": {
          "defaultValue": {
            "CONTAINER_NAME_STATIC_IMAGES": "dev-static-images",
            "CONTAINER_NAME_DYNAMIC_BEFORE": "dev-placeholder-images",
            "CONTAINER_NAME_DYNAMIC_AFTER": "dev-dynamic-images",
            "CONTAINER_NAME_HTML": "dev-html-renderings",
            "CONTAINER_NAME_PDF": "dev-pdf-files"
          },
          "type": "Object",
          "metadata": {
            "schemaName": "mcdev_ContainerNames"
          }
        },
        "Storage Account Name (mcdev_StorageAccountName)": {
          "defaultValue": "stgmcdmxtapedev",
          "type": "String",
          "metadata": {
            "schemaName": "mcdev_StorageAccountName"
          }
        }
      },
      "triggers": {
        "manual": {
          "metadata": {
            "operationMetadataId": "9883977d-6ab2-4e63-9f02-c8aefed776f8"
          },
          "type": "Request",
          "kind": "PowerAppV2",
          "inputs": {
            "schema": {
              "type": "object",
              "properties": {
                "text": {
                  "title": "DeckName",
                  "type": "string",
                  "x-ms-dynamically-added": true,
                  "description": "Please enter your input",
                  "x-ms-content-hint": "TEXT"
                },
                "text_1": {
                  "title": "BrandGUID",
                  "type": "string",
                  "x-ms-dynamically-added": true,
                  "description": "Please enter your input",
                  "x-ms-content-hint": "TEXT"
                }
              },
              "required": [
                "text",
                "text_1"
              ]
            }
          }
        }
      },
      "actions": {
        "Lists_blobs_(V2)": {
          "runAfter": {
            "Parse_JSON_Container_Names": [
              "Succeeded"
            ]
          },
          "metadata": {
            "JTJmYnVzaW5lc3NjYXJkZnJvbnQ=": "/businesscardfront",
            "operationMetadataId": "a0722269-7a3f-4bf6-b6fb-cb035cd2c1f0"
          },
          "type": "OpenApiConnection",
          "inputs": {
            "host": {
              "connectionName": "shared_azureblob",
              "operationId": "ListFolder_V4",
              "apiId": "/providers/Microsoft.PowerApps/apis/shared_azureblob"
            },
            "parameters": {
              "dataset": "@variables('storage_account_name')",
              "id": "@body('Parse_JSON_Container_Names')?['CONTAINER_NAME_DYNAMIC_BEFORE']",
              "nextPageMarker": "",
              "useFlatListing": false
            },
            "authentication": "@parameters('$authentication')"
          }
        },
        "Respond_to_a_Power_App_or_flow": {
          "runAfter": {
            "Apply_to_each": [
              "Succeeded"
            ]
          },
          "metadata": {
            "operationMetadataId": "62394255-325b-45f6-ac0f-3722d5b8b743"
          },
          "type": "Response",
          "kind": "PowerApp",
          "inputs": {
            "statusCode": 200,
            "body": {
              "workflow": "@workflow().run.name"
            },
            "schema": {
              "type": "object",
              "properties": {
                "workflow": {
                  "title": "workflow",
                  "x-ms-dynamically-added": true,
                  "type": "string"
                }
              }
            }
          }
        },
        "Apply_to_each": {
          "foreach": "@outputs('Lists_blobs_(V2)')?['body/value']",
          "actions": {
            "List_rows": {
              "runAfter": {},
              "metadata": {
                "operationMetadataId": "0bce81f8-09af-42a0-ad3c-9c42af33a55f"
              },
              "type": "OpenApiConnection",
              "inputs": {
                "host": {
                  "connectionName": "shared_commondataserviceforapps",
                  "operationId": "ListRecords",
                  "apiId": "/providers/Microsoft.PowerApps/apis/shared_commondataserviceforapps"
                },
                "parameters": {
                  "entityName": "mcdev_cards",
                  "$filter": "mcdev_filename eq '@{item()?['Name']}'"
                },
                "authentication": "@parameters('$authentication')"
              }
            },
            "Condition_-_length_greater_than_0": {
              "actions": {
                "For_each": {
                  "foreach": "@outputs('List_rows')?['body/value']",
                  "actions": {
                    "Update_a_row": {
                      "runAfter": {},
                      "metadata": {
                        "operationMetadataId": "39ab9ae8-097d-46e5-97b8-5d289bb15326"
                      },
                      "type": "OpenApiConnection",
                      "inputs": {
                        "host": {
                          "connectionName": "shared_commondataserviceforapps",
                          "operationId": "UpdateRecord",
                          "apiId": "/providers/Microsoft.PowerApps/apis/shared_commondataserviceforapps"
                        },
                        "parameters": {
                          "entityName": "mcdev_cards",
                          "recordId": "@items('For_each')?['mcdev_cardid']",
                          "item/mcdev_Deck@odata.bind": "/mcdev_decks/@{outputs('Add_a_new_row_to_Decks')?['body/mcdev_deckid']}",
                          "item/mcdev_workflow": "@{Workflow().run.name}"
                        },
                        "authentication": "@parameters('$authentication')"
                      }
                    }
                  },
                  "runAfter": {},
                  "metadata": {
                    "operationMetadataId": "24772aab-b6e5-4401-948a-1373c33e1230"
                  },
                  "type": "Foreach"
                }
              },
              "runAfter": {
                "List_rows": [
                  "Succeeded"
                ]
              },
              "else": {
                "actions": {
                  "Add_a_new_row_2": {
                    "runAfter": {
                      "Compose_base64": [
                        "Succeeded"
                      ]
                    },
                    "metadata": {
                      "operationMetadataId": "4422599c-451f-4248-986c-868313d3280a"
                    },
                    "type": "OpenApiConnection",
                    "inputs": {
                      "host": {
                        "connectionName": "shared_commondataserviceforapps",
                        "operationId": "CreateRecord",
                        "apiId": "/providers/Microsoft.PowerApps/apis/shared_commondataserviceforapps"
                      },
                      "parameters": {
                        "entityName": "mcdev_cards",
                        "item/mcdev_name": "@item()?['DisplayName']",
                        "item/mcdev_Deck@odata.bind": "/mcdev_decks/@{outputs('Add_a_new_row_to_Decks')?['body/mcdev_deckid']}",
                        "item/mcdev_filename": "@item()?['Name']",
                        "item/mcdev_image": "@outputs('Compose_base64')",
                        "item/mcdev_workflow": "@{Workflow().run.name}"
                      },
                      "authentication": "@parameters('$authentication')"
                    }
                  },
                  "Get_blob_content_(V2)": {
                    "runAfter": {},
                    "metadata": {
                      "operationMetadataId": "19692ea3-fd56-4891-9912-36a20b795c71"
                    },
                    "type": "OpenApiConnection",
                    "inputs": {
                      "host": {
                        "connectionName": "shared_azureblob",
                        "operationId": "GetFileContent_V2",
                        "apiId": "/providers/Microsoft.PowerApps/apis/shared_azureblob"
                      },
                      "parameters": {
                        "dataset": "@variables('storage_account_name')",
                        "id": "@items('Apply_to_each')?['Path']",
                        "inferContentType": true
                      },
                      "authentication": "@parameters('$authentication')"
                    }
                  },
                  "Compose_base64": {
                    "runAfter": {
                      "Get_blob_content_(V2)": [
                        "Succeeded"
                      ]
                    },
                    "metadata": {
                      "operationMetadataId": "79869146-e0a3-4773-94de-29cd33054a54"
                    },
                    "type": "Compose",
                    "inputs": "@base64(outputs('Get_blob_content_(V2)')?['body'])"
                  }
                }
              },
              "expression": {
                "greater": [
                  "@length(outputs('List_rows')?['body/value'])",
                  0
                ]
              },
              "metadata": {
                "operationMetadataId": "4aa02d4a-e1a8-4bb4-bb35-914a65097d9a"
              },
              "type": "If"
            }
          },
          "runAfter": {
            "Add_a_new_row_to_Decks": [
              "Succeeded"
            ]
          },
          "metadata": {
            "operationMetadataId": "44ceced8-1ee9-42cf-b410-df8e66ecb4c0"
          },
          "type": "Foreach"
        },
        "Initialize_variable_2": {
          "runAfter": {
            "Get_a_row_by_ID": [
              "Succeeded"
            ]
          },
          "metadata": {
            "operationMetadataId": "19ec5c96-4afc-4da4-8800-fb9a2f8673dd"
          },
          "type": "InitializeVariable",
          "inputs": {
            "variables": [
              {
                "name": "storage_account_name",
                "type": "string",
                "value": "@parameters('Storage Account Name (mcdev_StorageAccountName)')"
              }
            ]
          }
        },
        "Initialize_variable_3": {
          "runAfter": {
            "Initialize_variable_2": [
              "Succeeded"
            ]
          },
          "metadata": {
            "operationMetadataId": "8a829240-ca49-4266-84ac-3bd257caead6"
          },
          "type": "InitializeVariable",
          "inputs": {
            "variables": [
              {
                "name": "folder_name",
                "type": "string",
                "value": "/businesscards"
              }
            ]
          }
        },
        "Add_a_new_row_to_Decks": {
          "runAfter": {
            "Lists_blobs_(V2)": [
              "Succeeded"
            ]
          },
          "metadata": {
            "operationMetadataId": "17951e20-cafc-4dcd-bcc6-33bd1225a906"
          },
          "type": "OpenApiConnection",
          "inputs": {
            "host": {
              "connectionName": "shared_commondataserviceforapps",
              "operationId": "CreateRecord",
              "apiId": "/providers/Microsoft.PowerApps/apis/shared_commondataserviceforapps"
            },
            "parameters": {
              "entityName": "mcdev_decks",
              "item/mcdev_name": "@if(empty(triggerBody()['text']),workflow().run.name,triggerBody()['text']) ",
              "item/mcdev_Brand@odata.bind": "mcdev_brands(@{outputs('Get_a_row_by_ID')?['body/mcdev_brandid']})"
            },
            "authentication": "@parameters('$authentication')"
          }
        },
        "Get_a_row_by_ID": {
          "runAfter": {},
          "metadata": {
            "operationMetadataId": "561c3046-1d5a-4a61-a5c4-b1a8f68a102d"
          },
          "type": "OpenApiConnection",
          "inputs": {
            "host": {
              "connectionName": "shared_commondataserviceforapps_1",
              "operationId": "GetItem",
              "apiId": "/providers/Microsoft.PowerApps/apis/shared_commondataserviceforapps"
            },
            "parameters": {
              "entityName": "mcdev_brands",
              "recordId": "@triggerBody()['text_1']"
            },
            "authentication": "@parameters('$authentication')"
          }
        },
        "Parse_JSON_Container_Names": {
          "runAfter": {
            "Initialize_variable_3": [
              "Succeeded"
            ]
          },
          "metadata": {
            "operationMetadataId": "88a99bcf-f554-4258-9bc3-6fa942bf5383"
          },
          "type": "ParseJson",
          "inputs": {
            "content": "@parameters('Container Names (mcdev_ContainerNames)')",
            "schema": {
              "type": "object",
              "properties": {
                "CONTAINER_NAME_STATIC_IMAGES": {
                  "type": "string"
                },
                "CONTAINER_NAME_DYNAMIC_BEFORE": {
                  "type": "string"
                },
                "CONTAINER_NAME_DYNAMIC_AFTER": {
                  "type": "string"
                },
                "CONTAINER_NAME_HTML": {
                  "type": "string"
                },
                "CONTAINER_NAME_PDF": {
                  "type": "string"
                }
              }
            }
          }
        }
      }
    },
    "templateName": ""
  },
  "schemaVersion": "1.0.0.0"
}