{
  "properties": {
    "connectionReferences": {},
    "definition": {
      "$schema": "https://schema.management.azure.com/providers/Microsoft.Logic/schemas/2016-06-01/workflowdefinition.json#",
      "contentVersion": "1.0.0.0",
      "parameters": {
        "$authentication": {
          "defaultValue": {},
          "type": "SecureObject"
        },
        "$connections": {
          "defaultValue": {},
          "type": "Object"
        }
      },
      "triggers": {
        "manual": {
          "metadata": {
            "operationMetadataId": "8b7833a9-db07-40d3-a4da-a8dc71c366e2"
          },
          "type": "Request",
          "kind": "Button",
          "inputs": {
            "schema": {
              "type": "object",
              "properties": {},
              "required": []
            }
          }
        }
      },
      "actions": {
        "Initialize_variable_urlList": {
          "runAfter": {
            "Initialize_variable_card": [
              "Succeeded"
            ]
          },
          "metadata": {
            "operationMetadataId": "5c280254-a9cf-4afb-b714-692ea7a33985"
          },
          "type": "InitializeVariable",
          "inputs": {
            "variables": [
              {
                "name": "urlList",
                "type": "array"
              }
            ]
          }
        },
        "Compose_JSON": {
          "runAfter": {
            "Compose_string": [
              "Succeeded"
            ]
          },
          "metadata": {
            "operationMetadataId": "33a0f830-156e-401c-a98d-8f2a88015b66"
          },
          "type": "Compose",
          "inputs": "@json(concat('{\"card\": \"', variables('card'), '\", \"urls\": ', outputs('Compose_string'), '}'))"
        },
        "HTTP": {
          "runAfter": {
            "Compose_JSON": [
              "Succeeded"
            ]
          },
          "metadata": {
            "operationMetadataId": "242f925c-5d6e-487d-abbc-9c5ec991b8da"
          },
          "type": "Http",
          "inputs": {
            "uri": "https://modelcitizendeveloper-mixtape-http-overlay.azurewebsites.net/api/http_businesscard_dynamicQR",
            "method": "POST",
            "headers": {
              "Content-Type": "application/json",
              "x-functions-key": "qXsIzeRmymwx-EzC3fSRIh4UJcOue30iZCEJFz7vae_WAzFu5KKEOA=="
            },
            "body": "@outputs('Compose_JSON')"
          }
        },
        "Append_to_array_variable": {
          "runAfter": {
            "Initialize_variable_urlList": [
              "Succeeded"
            ]
          },
          "metadata": {
            "operationMetadataId": "99d6766a-54c4-48f2-8f5c-805ef8b35c67"
          },
          "type": "AppendToArrayVariable",
          "inputs": {
            "name": "urlList",
            "value": "https://www.bloomberglive.com/greenfestival"
          }
        },
        "Append_to_array_variable_2": {
          "runAfter": {
            "Append_to_array_variable": [
              "Succeeded"
            ]
          },
          "metadata": {
            "operationMetadataId": "43d44964-1c41-41eb-a748-f1425327b56c"
          },
          "type": "AppendToArrayVariable",
          "inputs": {
            "name": "urlList",
            "value": "https://www.dayindayoutfest.com"
          }
        },
        "Compose_string": {
          "runAfter": {
            "Append_to_array_variable_2": [
              "Succeeded"
            ]
          },
          "metadata": {
            "operationMetadataId": "c51bcdf0-b305-4cd5-9307-6789320526d8"
          },
          "type": "Compose",
          "inputs": "@string(variables('urlList'))"
        },
        "Initialize_variable_card": {
          "runAfter": {},
          "metadata": {
            "operationMetadataId": "48347bcf-e6f1-445a-b4b1-f388da9c2d66"
          },
          "type": "InitializeVariable",
          "inputs": {
            "variables": [
              {
                "name": "card",
                "type": "string",
                "value": "frog.png"
              }
            ]
          }
        }
      }
    },
    "templateName": null
  },
  "schemaVersion": "1.0.0.0"
}