<powerpagecomponent powerpagecomponentid="42badb9d-96b2-4ad2-aeb2-9eeaa92f2eee">
  <content>{
  "entityname": "SkuOk",
  "entitylogicalname": "new_sku",
  "scope": 756150000,
  "append": false,
  "appendto": false,
  "delete": false,
  "read": true,
  "create": false,
  "write": false,
  "parentrelationship": null,
  "parententitypermission": null,
  "contactrelationship": null,
  "accountrelationship": null,
  "childTablePermissions": [],
  "adx_entitypermission_webrole": [
    "cdcf2de1-6928-4bd6-8d55-beee3ee78abe"
  ]
}</content>
  <iscustomizable>1</iscustomizable>
  <name>SkuOk</name>
  <powerpagecomponenttype>18</powerpagecomponenttype>
  <powerpagesiteid>
    <powerpagesiteid>8e775667-1468-44d6-9383-4088b0cbc5d7</powerpagesiteid>
  </powerpagesiteid>
  <statecode>0</statecode>
  <statuscode>1</statuscode>
</powerpagecomponent>