<environmentvariabledefinition schemaname="mcdev_trip_stop_card_template">
  <defaultvalue>1c3ffcbf-8674-ef11-a670-000d3a5ca663</defaultvalue>
  <description default="Template for auto-generated Trip Stops">
    <label description="Template for auto-generated Trip Stops" languagecode="1033" />
  </description>
  <displayname default="Trip Stop Card Template">
    <label description="Trip Stop Card Template" languagecode="1033" />
  </displayname>
  <introducedversion>1.0.0.0</introducedversion>
  <iscustomizable>1</iscustomizable>
  <isrequired>0</isrequired>
  <secretstore>0</secretstore>
  <type>100000000</type>
</environmentvariabledefinition>