<powerpagecomponent powerpagecomponentid="b522be74-1674-4327-8e97-663fd963af89">
  <content>{"disablepagevalidation":false,"displayimageonly":false,"displayorder":1,"displaypagechildlinks":false,"openinnewwindow":false,"pageid":"24cf7baa-0fe0-44cb-9600-9fe9e82e6d55","publishingstateid":"8fde6bcb-e262-4220-abad-cae59a5b1be3","robotsfollowlink":true,"weblinksetid":"b111fef7-183e-4d38-8bf8-f66a82464dc3"}</content>
  <iscustomizable>1</iscustomizable>
  <name>Profile</name>
  <powerpagecomponenttype>5</powerpagecomponenttype>
  <powerpagesiteid>
    <powerpagesiteid>8e775667-1468-44d6-9383-4088b0cbc5d7</powerpagesiteid>
  </powerpagesiteid>
  <statecode>0</statecode>
  <statuscode>1</statuscode>
</powerpagecomponent>